web-scraper-order,web-scraper-start-url,titulo,precio,habts,ban,mets
1620528210-16193,https://www.inmuebles24.com/casas-en-venta-en-jurica-pagina-16.html,Residencia en Venta en Jurica con Alberca y Fresco Jardin Queretaro,"MN 11,350,000",5 rec.,"5
					
						baños",920 m²
1620528298-16374,https://www.inmuebles24.com/casas-en-venta-en-jurica-pagina-8.html,Casa Estilo Mexicano Contemporáneo en Una de Las Zonas Más Tradicionales y Exclusivas de Querétaro!,"MN 10,990,000",4 rec.,"4
					
						baños",1000 m²
1620528210-16175,https://www.inmuebles24.com/casas-en-venta-en-jurica-pagina-16.html,"Jurica, Residencia en Venta en Privada con Vigilancia.","MN 13,000,000",3 rec.,"4
					
						baños",510 m²
1620528356-16489,https://www.inmuebles24.com/casas-en-venta-en-jurica-pagina-3.html,Casa 3 Hab + Sala de Tv en Arco de Piedra,"MN 8,150,000",3 rec.,"3
					
						baños",302 m²
1620528348-16484,https://www.inmuebles24.com/casas-en-venta-en-jurica-pagina-4.html,Espectacular! Arquitectura Moderna de 1 Planta en Jurica,"MN 25,000,000",5 rec.,"5
					
						baños",1789 m²
1620528298-16376,https://www.inmuebles24.com/casas-en-venta-en-jurica-pagina-8.html,Hermosa Casa Grande en Venta Estilo Clásico,"MN 22,000,000",4 rec.,"6
					
						baños",2220 m²
1620528273-16327,https://www.inmuebles24.com/casas-en-venta-en-jurica-pagina-10.html,Venta Casa Una Planta,"MN 8,000,000",3 rec.,"4
					
						baños",420 m²
1620528236-16249,https://www.inmuebles24.com/casas-en-venta-en-jurica-pagina-13.html,"Se Vende Residencia en Jurica con 1,000 m² de Terreno, Jardin, 6 Autos","MN 10,500,000",3 rec.,"4
					
						baños",1000 m²
1620528253-16304,https://www.inmuebles24.com/casas-en-venta-en-jurica-pagina-11.html,"Venta Casa, Jurica","MN 12,500,000",5 rec.,"6
					
						baños",1304 m²
1620528227-16240,https://www.inmuebles24.com/casas-en-venta-en-jurica-pagina-14.html,Casa en Venta en Jurica,"MN 6,300,000",3 rec.,"3
					
						baños",525 m²
1620528236-16270,https://www.inmuebles24.com/casas-en-venta-en-jurica-pagina-13.html,Venta Casa en Jurica Campestre Queretaro Ll,"MN 9,500,000",6 rec.,"6
					
						baños",1250 m²
1620528273-16331,https://www.inmuebles24.com/casas-en-venta-en-jurica-pagina-10.html,Casa en Venta Jurica 5 Habitaciones,"MN 11,350,019",5 rec.,"5
					
						baños",920 m²
1620528219-16214,https://www.inmuebles24.com/casas-en-venta-en-jurica-pagina-15.html,"Residencia en Venta en Jurica, Queretaro","MN 14,000,000",5 rec.,"5
					
						baños",1150 m²
1620528219-16199,https://www.inmuebles24.com/casas-en-venta-en-jurica-pagina-15.html,Casa en Venta en Jurica,"MN 13,900,000",6 rec.,"7
					
						baños",2200 m²
1620528314-16392,https://www.inmuebles24.com/casas-en-venta-en-jurica-pagina-7.html,Venta Casa en Arco de Piedra Jurica,"MN 6,200,000",3 rec.,"4
					
						baños",275 m²
1620528327-16438,https://www.inmuebles24.com/casas-en-venta-en-jurica-pagina-6.html,Jurica Casa en Venta,"MN 11,500,000",3 rec.,"3
					
						baños",1000 m²
1620528201-16162,https://www.inmuebles24.com/casas-en-venta-en-jurica-pagina-17.html,"Casa en Preventa, Jurica","MN 21,500,000",4 rec.,"4
					
						baños",2220 m²
1620528365-16519,https://www.inmuebles24.com/casas-en-venta-en-jurica-pagina-2.html,Residencial - Casa - Venta en Jurica Campestre Queretaro con Amplio Jardín,"MN 8,750,000",4 rec.,"5
					
						baños",1110 m²
1620528348-16463,https://www.inmuebles24.com/casas-en-venta-en-jurica-pagina-4.html,Residencia en Venta en Jurica Queretaro Impecable,"MN 35,000,000",4 rec.,"5
					
						baños",2470 m²
1620528236-16255,https://www.inmuebles24.com/casas-en-venta-en-jurica-pagina-13.html,Venta Casa en Jurica Campestre,"MN 9,500,000",6 rec.,"6
					
						baños",1250 m²
1620528219-16201,https://www.inmuebles24.com/casas-en-venta-en-jurica-pagina-15.html,Casa en Venta en Jurica,"MN 13,000,000",5 rec.,"6
					
						baños",653 m²
1620528327-16434,https://www.inmuebles24.com/casas-en-venta-en-jurica-pagina-6.html,Casa en Venta en Jurica,"MN 18,950,000",4 rec.,"7
					
						baños",1800 m²
1620528253-16305,https://www.inmuebles24.com/casas-en-venta-en-jurica-pagina-11.html,Casa en Venta en Privada Jurica de un Piso,"MN 8,500,000",3 rec.,"2
					
						baños",420 m²
1620528245-16291,https://www.inmuebles24.com/casas-en-venta-en-jurica-pagina-12.html,Casa en Jurica,"MN 9,800,000",4 rec.,"3
					
						baños",1000 m²
1620528338-16450,https://www.inmuebles24.com/casas-en-venta-en-jurica-pagina-5.html,Casa en Venta Jurica 3 Habitaciones,"MN 13,500,081",3 rec.,"4
					
						baños",510 m²
1620528338-16447,https://www.inmuebles24.com/casas-en-venta-en-jurica-pagina-5.html,Casa en Venta Estilo Mexicano con Recamara en Planta Baja E,"MN 8,900,000",3 rec.,"2
					
						baños",1050 m²
1620528314-16411,https://www.inmuebles24.com/casas-en-venta-en-jurica-pagina-7.html,Preciosa Residencia en Jurica con Bungalow Independiente T.1,"MN 14,500,000",5 rec.,"5
					
						baños",1050 m²
1620528227-16244,https://www.inmuebles24.com/casas-en-venta-en-jurica-pagina-14.html,"Casa en Venta en Jurica, D301","MN 9,500,000",4 rec.,"4
					
						baños",1250 m²
1620528219-16219,https://www.inmuebles24.com/casas-en-venta-en-jurica-pagina-15.html,"Casa en Venta en Jurica, D217","MN 15,500,000",4 rec.,"4
					
						baños",1400 m²
1620528236-16257,https://www.inmuebles24.com/casas-en-venta-en-jurica-pagina-13.html,"Casa en Venta en Jurica, D161","MN 10,500,000",4 rec.,"3
					
						baños",1000 m²
1620528327-16435,https://www.inmuebles24.com/casas-en-venta-en-jurica-pagina-6.html,Venta Espectacular Casa en Jurica con Alberca,"MN 21,850,000",4 rec.,"5
					
						baños",2202 m²
1620528374-16558,https://www.inmuebles24.com/casas-en-venta-en-jurica-pagina-1.html,"Casa en Venta en Jurica, Excelente Ubicación","MN 8,300,000",3 rec.,"3
					
						baños",601 m²
1620528348-16481,https://www.inmuebles24.com/casas-en-venta-en-jurica-pagina-4.html,Jurica Campestre Casa en Venta Querétaro,"MN 13,500,000",3 rec.,"5
					
						baños",1227 m²
1620528338-16452,https://www.inmuebles24.com/casas-en-venta-en-jurica-pagina-5.html,Casa en Venta en Villas Regency,"MN 21,500,000",4 rec.,"5
					
						baños",760 m²
1620528253-16308,https://www.inmuebles24.com/casas-en-venta-en-jurica-pagina-11.html,"Preciosa Residencia en Jurica, Alberca Propia, Jardín y Gym","MN 12,500,000",4 rec.,"4
					
						baños",510 m²
1620528273-16339,https://www.inmuebles24.com/casas-en-venta-en-jurica-pagina-10.html,"Hermosa Residencia en Jurica, Nueva 3recs, 4 Baños, Cto Serv, Estudio, Jardín.","MN 4,750,000",3 rec.,"5
					
						baños",449 m²
1620528327-16419,https://www.inmuebles24.com/casas-en-venta-en-jurica-pagina-6.html,Jurica Campestre Casa en Venta Querétaro,"MN 13,500,000",3 rec.,"5
					
						baños",1227 m²
1620528289-16351,https://www.inmuebles24.com/casas-en-venta-en-jurica-pagina-9.html,Venta Casa 3 Recamaras en Arco de Piedra Jurica Juriquilla Queretaro,"MN 6,200,000",3 rec.,"4
					
						baños",266 m²
1620528201-16170,https://www.inmuebles24.com/casas-en-venta-en-jurica-pagina-17.html,"Casa en Venta en Jurica, Querétaro","MN 4,350,000",3 rec.,"2
					
						baños",525 m²
1620528236-16252,https://www.inmuebles24.com/casas-en-venta-en-jurica-pagina-13.html,Casa en Venta en Jurica,"MN 12,000,000",4 rec.,"5
					
						baños",2220 m²
1620528201-16173,https://www.inmuebles24.com/casas-en-venta-en-jurica-pagina-17.html,"Casa en Venta, Jurica Regency","MN 17,000,000",4 rec.,"4
					
						baños",760 m²
1620528365-16520,https://www.inmuebles24.com/casas-en-venta-en-jurica-pagina-2.html,"Casa en Venta en Jurica Campestre, C365","MN 12,800,000",4 rec.,"4
					
						baños",788 m²
1620528374-16537,https://www.inmuebles24.com/casas-en-venta-en-jurica-pagina-1.html,Casa en Venta - Jurica - C1345,"MN 10,200,000",3 rec.,"3
					
						baños",1000 m²
1620528210-16176,https://www.inmuebles24.com/casas-en-venta-en-jurica-pagina-16.html,"Casa en Jurica con Espacios Funcionales, 235 m² y 3 Dorm.! Rcs","MN 3,320,000",3 rec.,"2
					
						baños",235 m²
1620528210-16194,https://www.inmuebles24.com/casas-en-venta-en-jurica-pagina-16.html,Casa en Venta en Jurica Querétaro,"MN 12,000,000",4 rec.,"4
					
						baños",650 m²
1620528374-16535,https://www.inmuebles24.com/casas-en-venta-en-jurica-pagina-1.html,Casa en Venta - Jurica - Queretaro - C939,"MN 5,100,000",3 rec.,"2
					
						baños",525 m²
1620528236-16267,https://www.inmuebles24.com/casas-en-venta-en-jurica-pagina-13.html,Casa Venta Jurica Campestre,"MN 13,700,000",4 rec.,"5
					
						baños",1200 m²
1620528365-16512,https://www.inmuebles24.com/casas-en-venta-en-jurica-pagina-2.html,"Residencial - Casa - Venta en Jurica, Querétaro. en Calle Abierta","MN 7,900,000",5 rec.,"4
					
						baños",1000 m²
1620528273-16320,https://www.inmuebles24.com/casas-en-venta-en-jurica-pagina-10.html,Jurica Casa en Exclusivo Condominio de 4 Recamaras!,"MN 3,894,830",4 rec.,"3
					
						baños",165 m²
1620528227-16225,https://www.inmuebles24.com/casas-en-venta-en-jurica-pagina-14.html,"Casa en Venta en Jurica, C505","MN 15,000,000",5 rec.,"5
					
						baños",2200 m²
1620528374-16557,https://www.inmuebles24.com/casas-en-venta-en-jurica-pagina-1.html,Jurica,"MN 12,000,000",4 rec.,"4
					
						baños",2220 m²
1620528365-16515,https://www.inmuebles24.com/casas-en-venta-en-jurica-pagina-2.html,Casa en Venta - Jurica - C949,"MN 19,500,000",3 rec.,"3
					
						baños",2220 m²
1620528298-16389,https://www.inmuebles24.com/casas-en-venta-en-jurica-pagina-8.html,Casa en Venta Jurica 3 Habitaciones,"MN 3,320,081",3 rec.,"2
					
						baños",210 m²
1620528273-16337,https://www.inmuebles24.com/casas-en-venta-en-jurica-pagina-10.html,Casa en Venta en Jurica Ofp 21 1102,"MN 6,200,000",3 rec.,"3
					
						baños",264 m²
1620528273-16334,https://www.inmuebles24.com/casas-en-venta-en-jurica-pagina-10.html,Casa en Venta en Jurica un Solo Nivel,"MN 15,000,000",4 rec.,"4
					
						baños",2220 m²
1620528374-16548,https://www.inmuebles24.com/casas-en-venta-en-jurica-pagina-1.html,Venta de Hermosa Casa Estilo Mexicano en Jurica Queretaro,"MN 6,800,000",4 rec.,"3
					
						baños",840 m²
1620528201-16158,https://www.inmuebles24.com/casas-en-venta-en-jurica-pagina-17.html,"Casa en Venta, Jurica","MN 16,850,000",4 rec.,"4
					
						baños",2220 m²
1620528253-16296,https://www.inmuebles24.com/casas-en-venta-en-jurica-pagina-11.html,Casa Venta Jurica Queretaro,"MN 19,750,000",3 rec.,"5
					
						baños",2400 m²
1620528298-16377,https://www.inmuebles24.com/casas-en-venta-en-jurica-pagina-8.html,Decide Ser Feliz en Esta Hermosa Casa en Venta en Una de Las Mejores Zonas de Queretaro,"MN 6,400,000",5 rec.,"3
					
						baños",644 m²
1620528219-16205,https://www.inmuebles24.com/casas-en-venta-en-jurica-pagina-15.html,Casa en Venta Jurica 3 Habitaciones,"MN 6,200,019",3 rec.,"3
					
						baños",316 m²
1620528201-16172,https://www.inmuebles24.com/casas-en-venta-en-jurica-pagina-17.html,Casa en Venta en Jurica,"MN 8,490,000",3 rec.,"4
					
						baños",652 m²
1620528253-16318,https://www.inmuebles24.com/casas-en-venta-en-jurica-pagina-11.html,"Casa en Venta en Jurica, D065","MN 20,000,000",4 rec.,"4
					
						baños",1120 m²
1620528327-16432,https://www.inmuebles24.com/casas-en-venta-en-jurica-pagina-6.html,Casa a La Venta en Exclusivo Clúster de Querétaro,"MN 3,000,000",3 rec.,"3
					
						baños",128 m²
1620528201-16168,https://www.inmuebles24.com/casas-en-venta-en-jurica-pagina-17.html,Casa Recién Remodelada en Venta en Jurica con Alberca,"MN 19,950,000",4 rec.,"4
					
						baños",2200 m²
1620528356-16504,https://www.inmuebles24.com/casas-en-venta-en-jurica-pagina-3.html,"Casa en Venta en Jurica, D228","MN 8,750,000",3 rec.,"4
					
						baños",420 m²
1620528298-16380,https://www.inmuebles24.com/casas-en-venta-en-jurica-pagina-8.html,Casa Venta Jurica,"MN 22,000,000",4 rec.,"6
					
						baños",2220 m²
1620528210-16179,https://www.inmuebles24.com/casas-en-venta-en-jurica-pagina-16.html,Casa Venta Jurica,"MN 8,000,000",4 rec.,"4
					
						baños",2200 m²
1620528210-16181,https://www.inmuebles24.com/casas-en-venta-en-jurica-pagina-16.html,Casa Venta en Jurica Queretaro,"MN 17,999,000",4 rec.,"6
					
						baños",1250 m²
1620528356-16501,https://www.inmuebles24.com/casas-en-venta-en-jurica-pagina-3.html,"Casa en Venta en Jurica, C471","MN 5,300,000",4 rec.,"4
					
						baños",510 m²
1620528314-16396,https://www.inmuebles24.com/casas-en-venta-en-jurica-pagina-7.html,"Linda, Iluminada y Cómoda Casita en Venta en La Colonia Eduardo Loarca Jf","MN 775,000",2 rec.,"1
					
						baño",76 m²
1620528327-16427,https://www.inmuebles24.com/casas-en-venta-en-jurica-pagina-6.html,Casa en Venta Jurica 3 Habitaciones,"MN 6,200,019",3 rec.,"3
					
						baños",316 m²
1620528245-16287,https://www.inmuebles24.com/casas-en-venta-en-jurica-pagina-12.html,Hermosa Casa en Privada con Vigilancia en Jurica. Oc,"MN 5,500,000",3 rec.,"2
					
						baños",510 m²
1620528236-16251,https://www.inmuebles24.com/casas-en-venta-en-jurica-pagina-13.html,Excelente y Amplia Casa Tipo Rustica en Jurica. Vg,"MN 13,200,000",5 rec.,"6
					
						baños",2220 m²
1620528227-16246,https://www.inmuebles24.com/casas-en-venta-en-jurica-pagina-14.html,Casa en Venta en Jurica Qeretaro,"MN 5,800,000",3 rec.,"4
					
						baños",525 m²
1620528289-16350,https://www.inmuebles24.com/casas-en-venta-en-jurica-pagina-9.html,Espectacular! Arquitectura Moderna de 1 Planta en Jurica,"MN 25,000,000",5 rec.,"5
					
						baños",1789 m²
1620528327-16429,https://www.inmuebles24.com/casas-en-venta-en-jurica-pagina-6.html,Casa Venta Jurica Queretaro,"MN 19,750,000",3 rec.,"5
					
						baños",2400 m²
1620528245-16290,https://www.inmuebles24.com/casas-en-venta-en-jurica-pagina-12.html,"Casa en Venta en Jurica, D217","MN 15,500,000",4 rec.,"4
					
						baños",1400 m²
1620528356-16488,https://www.inmuebles24.com/casas-en-venta-en-jurica-pagina-3.html,Residencia en Venta en Jurica Queretaro Impecable,"MN 35,000,000",4 rec.,"5
					
						baños",2470 m²
1620528338-16440,https://www.inmuebles24.com/casas-en-venta-en-jurica-pagina-5.html,"Casa en Venta en Jurica, C425","MN 10,250,000",3 rec.,"3
					
						baños",1000 m²
1620528327-16416,https://www.inmuebles24.com/casas-en-venta-en-jurica-pagina-6.html,"Estupenda Casa en Jurica, de Oportunidad! C.401 m², Gran U","MN 4,800,000",4 rec.,"3
					
						baños",253 m²
1620528327-16418,https://www.inmuebles24.com/casas-en-venta-en-jurica-pagina-6.html,Casa Diseño Contemporaneo en Jurica,"MN 8,500,000",3 rec.,"4
					
						baños",530 m²
1620528327-16436,https://www.inmuebles24.com/casas-en-venta-en-jurica-pagina-6.html,"Residencia en Jurica, Acabados Modernos, Muy Amplia","MN 15,000,000",4 rec.,"4
					
						baños",2220 m²
1620528227-16233,https://www.inmuebles24.com/casas-en-venta-en-jurica-pagina-14.html,"Preciosa Residencia de Autor en Jurica, Nueva, Alberca, 4 Recámaras, Premium!","MN 10,500,000",4 rec.,"4
					
						baños",555 m²
1620528338-16443,https://www.inmuebles24.com/casas-en-venta-en-jurica-pagina-5.html,"Preciosa Residencia en Jurica, Nueva 3recs, 4 Baños, Cto Serv, Estudio, Jardín.","MN 4,750,000",3 rec.,"5
					
						baños",449 m²
1620528298-16375,https://www.inmuebles24.com/casas-en-venta-en-jurica-pagina-8.html,Casa en Venta Jurica Queretaro,"MN 7,990,000",3 rec.,"2
					
						baños",907 m²
1620528298-16370,https://www.inmuebles24.com/casas-en-venta-en-jurica-pagina-8.html,Venta Moderna Casa en Arco de Piedra con Gran Plusvalía,"MN 6,200,000",3 rec.,"3
					
						baños",275 m²
1620528365-16514,https://www.inmuebles24.com/casas-en-venta-en-jurica-pagina-2.html,Casa Recién Remodelada Ubicada en Fraccionamiento Palmas III,"MN 2,180,000",3 rec.,"2
					
						baños",126 m²
1620528338-16462,https://www.inmuebles24.com/casas-en-venta-en-jurica-pagina-5.html,"Casa en Jurica de Una Planta con 400 m², Jardines, 3 Recámaras, 4 Baños, Ganela","MN 3,750,000",3 rec.,"3
					
						baños",400 m²
1620528289-16352,https://www.inmuebles24.com/casas-en-venta-en-jurica-pagina-9.html,"Casa en Venta en Jurica, C953","MN 12,000,000",4 rec.,"4
					
						baños",1000 m²
1620528348-16486,https://www.inmuebles24.com/casas-en-venta-en-jurica-pagina-4.html,"Preciosa Residencia de Autor en Jurica, Nueva, Alberca, 4 Recámaras, Premium","MN 10,500,000",4 rec.,"6
					
						baños",555 m²
1620528348-16468,https://www.inmuebles24.com/casas-en-venta-en-jurica-pagina-4.html,Casa 3 Hab + Sala de Tv en Arco de Piedra,"MN 8,150,000",3 rec.,"3
					
						baños",302 m²
1620528289-16356,https://www.inmuebles24.com/casas-en-venta-en-jurica-pagina-9.html,Venta Casa en Jurica Confortable y Amplia Agradable Diseño Arquitectonico,"MN 11,000,000",5 rec.,"5
					
						baños",930 m²
1620528298-16371,https://www.inmuebles24.com/casas-en-venta-en-jurica-pagina-8.html,Jurica Casa en Exclusivo Condominio de 4 Recamaras!,"MN 3,894,830",4 rec.,"3
					
						baños",165 m²
1620528219-16209,https://www.inmuebles24.com/casas-en-venta-en-jurica-pagina-15.html,Casa en Venta en Jurica,"MN 18,950,000",4 rec.,"7
					
						baños",1800 m²
1620528201-16161,https://www.inmuebles24.com/casas-en-venta-en-jurica-pagina-17.html,Casa Venta Jurica Queretaro,"MN 22,000,000",5 rec.,"5
					
						baños",4830 m²
1620528236-16259,https://www.inmuebles24.com/casas-en-venta-en-jurica-pagina-13.html,"Hermosa Residencia en Jurica! Terreno de 1,100 m², de Lujo, Gran Jardín, Premium!","MN 9,400,000",4 rec.,"5
					
						baños",1100 m²
1620528327-16430,https://www.inmuebles24.com/casas-en-venta-en-jurica-pagina-6.html,"Preciosa Residencia de Autor en Jurica, Nueva, Alberca, 4 Re","MN 10,500,000",4 rec.,"4
					
						baños",555 m²
1620528227-16229,https://www.inmuebles24.com/casas-en-venta-en-jurica-pagina-14.html,Estrena Casa de 3 Hab. Acabados de Lujo en Arco de Piedra,"MN 9,200,000",3 rec.,"3
					
						baños",271 m²
1620528338-16459,https://www.inmuebles24.com/casas-en-venta-en-jurica-pagina-5.html,Casa - Jurica,"MN 16,500,000",4 rec.,"5
					
						baños",780 m²
1620528356-16494,https://www.inmuebles24.com/casas-en-venta-en-jurica-pagina-3.html,"Casa en Venta en Jurica, D208","MN 5,950,000",2 rec.,"1
					
						baño",949 m²
1620528236-16263,https://www.inmuebles24.com/casas-en-venta-en-jurica-pagina-13.html,Estrena Casa de 4 Habitaciones y Jardin en Exclusiva Privada Jurica,"MN 6,850,000",4 rec.,"4
					
						baños",280 m²
1620528289-16365,https://www.inmuebles24.com/casas-en-venta-en-jurica-pagina-9.html,Casa en Venta en Jurica,"MN 7,000,000",4 rec.,"5
					
						baños",1002 m²
1620528227-16241,https://www.inmuebles24.com/casas-en-venta-en-jurica-pagina-14.html,"Preciosa Residencia en Jurica, T.1,770 m² - Jardines, Alberc","MN 18,000,000",3 rec.,"4
					
						baños",1770 m²
1620528245-16272,https://www.inmuebles24.com/casas-en-venta-en-jurica-pagina-12.html,Casa en Venta en Jurica,"MN 9,000,000",3 rec.,"4
					
						baños",1000 m²
1620528236-16258,https://www.inmuebles24.com/casas-en-venta-en-jurica-pagina-13.html,Casa en Venta en Jurica Cerrada Almendros,"MN 3,320,007",3 rec.,"3
					
						baños",210 m²
1620528298-16368,https://www.inmuebles24.com/casas-en-venta-en-jurica-pagina-8.html,Venta Casa en Jurica Queretaro Excelente Opción Una Planta,"MN 6,300,000",3 rec.,"2
					
						baños",525 m²
1620528374-16550,https://www.inmuebles24.com/casas-en-venta-en-jurica-pagina-1.html,Residencial - Venta - Casa de Una Planta con 3 Habitaciones en Jurica,"MN 3,200,000",3 rec.,"4
					
						baños",430 m²
1620528365-16518,https://www.inmuebles24.com/casas-en-venta-en-jurica-pagina-2.html,Casa de 3 Hab. (Un Solo Nivel) en Jurica,"MN 6,300,000",3 rec.,"2
					
						baños",525 m²
1620528245-16284,https://www.inmuebles24.com/casas-en-venta-en-jurica-pagina-12.html,Jurica Casa Remodelada en Venta de 3 Recamaras y 4 Cajones Descubiertos!,"MN 13,500,000",3 rec.,"4
					
						baños",510 m²
1620528253-16310,https://www.inmuebles24.com/casas-en-venta-en-jurica-pagina-11.html,Casa en Venta en Fracc Jurica,"MN 9,450,000",4 rec.,"5
					
						baños",930 m²
1620528289-16361,https://www.inmuebles24.com/casas-en-venta-en-jurica-pagina-9.html,Bellisima Residencia con Alberca Privada en Jurica de 750 m Rcs19 - 1921,"MN 11,350,000",5 rec.,"6
					
						baños",960 m²
1620528227-16239,https://www.inmuebles24.com/casas-en-venta-en-jurica-pagina-14.html,Casa en Venta en Jurica,"MN 12,000,000",4 rec.,"5
					
						baños",2220 m²
1620528365-16527,https://www.inmuebles24.com/casas-en-venta-en-jurica-pagina-2.html,Residencial - Casa - Venta de un Nivel en Fraccionamiento Jurica,"MN 5,390,000",3 rec.,"3
					
						baños",61538 m²
1620528253-16307,https://www.inmuebles24.com/casas-en-venta-en-jurica-pagina-11.html,Venta de Residencia Duplex en Queretaro Fraccionamiento Jurica,"MN 3,170,000",3 rec.,"2
					
						baños",210 m²
1620528356-16490,https://www.inmuebles24.com/casas-en-venta-en-jurica-pagina-3.html,Casa en Venta en Jurica de 1 Nivel en Excelente Estado con 8 Estacionamientos,"MN 15,000,000",4 rec.,"4
					
						baños",2220 m²
1620528338-16448,https://www.inmuebles24.com/casas-en-venta-en-jurica-pagina-5.html,"Hermosa Casa en Venta en Jurica, Querétaro","MN 12,800,000",4 rec.,"4
					
						baños",510 m²
1620528227-16237,https://www.inmuebles24.com/casas-en-venta-en-jurica-pagina-14.html,"Casa en Venta en Jurica, D232","MN 7,900,000",4 rec.,"3
					
						baños",1060 m²
1620528289-16364,https://www.inmuebles24.com/casas-en-venta-en-jurica-pagina-9.html,Jurica Casa en Venta de 3 Recamaras y 235 M²!,"MN 3,320,000",3 rec.,"2
					
						baños",210 m²
1620528289-16366,https://www.inmuebles24.com/casas-en-venta-en-jurica-pagina-9.html,Casa en Venta en Jurica,"MN 7,800,000",2 rec.,"4
					
						baños",408 m²
1620528289-16363,https://www.inmuebles24.com/casas-en-venta-en-jurica-pagina-9.html,"Casa de un Piso, con Amplio Jardín, en Jurica, Queretaro.","MN 7,300,000",4 rec.,"5
					
						baños",1000 m²
1620528273-16321,https://www.inmuebles24.com/casas-en-venta-en-jurica-pagina-10.html,"Espectacular Casa en Venta en Jurica, D134","MN 19,950,000",4 rec.,"4
					
						baños",2202 m²
1620528374-16547,https://www.inmuebles24.com/casas-en-venta-en-jurica-pagina-1.html,Residencial - Casa - Venta con 5 Recamaras en Fraccionamiento Jurica,"MN 5,250,000",5 rec.,"4
					
						baños",481 m²
1620528227-16223,https://www.inmuebles24.com/casas-en-venta-en-jurica-pagina-14.html,Casa en Venta en Jurica,"MN 8,900,000",3 rec.,"5
					
						baños",1000 m²
1620528289-16358,https://www.inmuebles24.com/casas-en-venta-en-jurica-pagina-9.html,Jurica Casa con Acabados de Lujo en Venta de 3 Recamaras y 445 M²!,"MN 13,500,072",3 rec.,"4
					
						baños",510 m²
1620528245-16274,https://www.inmuebles24.com/casas-en-venta-en-jurica-pagina-12.html,Casa en Venta Jurica 5 Habitaciones,"MN 11,350,081",5 rec.,"5
					
						baños",920 m²
1620528314-16406,https://www.inmuebles24.com/casas-en-venta-en-jurica-pagina-7.html,Casa Venta Jurica Queretaro,"MN 16,850,000",4 rec.,"8
					
						baños",2220 m²
1620528227-16231,https://www.inmuebles24.com/casas-en-venta-en-jurica-pagina-14.html,"Casa con 20% de Descuento en Jurica, Santiago de Qro","MN 2,870,000",4 rec.,"3
					
						baños",250 m²
1620528314-16412,https://www.inmuebles24.com/casas-en-venta-en-jurica-pagina-7.html,"Preciosa Residencia en Jurica, Nueva 3recs, 4 Baños, Cto Serv, Estudio, Jardín.","MN 4,750,000",3 rec.,"5
					
						baños",449 m²
1620528365-16521,https://www.inmuebles24.com/casas-en-venta-en-jurica-pagina-2.html,Casa en Venta - Jurica - Queretaro - C1593,"MN 9,200,000",3 rec.,"4
					
						baños",750 m²
1620528338-16451,https://www.inmuebles24.com/casas-en-venta-en-jurica-pagina-5.html,Casa Diseño Contemporaneo en Jurica,"MN 8,500,000",3 rec.,"4
					
						baños",530 m²
1620528219-16208,https://www.inmuebles24.com/casas-en-venta-en-jurica-pagina-15.html,Casa en Venta Jurica Queretaro,"MN 7,990,000",3 rec.,"2
					
						baños",907 m²
1620528236-16266,https://www.inmuebles24.com/casas-en-venta-en-jurica-pagina-13.html,"Casa en Venta en Jurica, D301","MN 9,500,000",4 rec.,"4
					
						baños",1250 m²
1620528348-16473,https://www.inmuebles24.com/casas-en-venta-en-jurica-pagina-4.html,"Casa en Venta en Jurica, D210","MN 6,300,000",3 rec.,"2
					
						baños",525 m²
1620528227-16238,https://www.inmuebles24.com/casas-en-venta-en-jurica-pagina-14.html,Residencia en Venta en Jurica Querétaro,"MN 36,000,000",5 rec.,"3
					
						baños",4981 m²
1620528210-16195,https://www.inmuebles24.com/casas-en-venta-en-jurica-pagina-16.html,Residencia con Alberca en Jurica a Precio de Promoción,"MN 19,950,000",7 rec.,"6
					
						baños",2003 m²
1620528289-16357,https://www.inmuebles24.com/casas-en-venta-en-jurica-pagina-9.html,Casa en Venta en Jurica,"MN 22,000,000",4 rec.,"7
					
						baños",2220 m²
1620528236-16268,https://www.inmuebles24.com/casas-en-venta-en-jurica-pagina-13.html,"Jurica, 1 Piso, Hermosa Casa con Alberca, Estilo Mexicano Co","MN 6,300,000",3 rec.,"4
					
						baños",765 m²
1620528356-16487,https://www.inmuebles24.com/casas-en-venta-en-jurica-pagina-3.html,"Residencia con Alberca en Venta en Jurica, Querétaro","MN 19,950,000",7 rec.,"6
					
						baños",2202 m²
1620528374-16538,https://www.inmuebles24.com/casas-en-venta-en-jurica-pagina-1.html,Residencial - Venta - Casa Hermosa Acabados de Lujo en Jurica,"MN 13,000,000",4 rec.,"4
					
						baños",570 m²
1620528289-16362,https://www.inmuebles24.com/casas-en-venta-en-jurica-pagina-9.html,Casa en Venta en Fracc Jurica,"MN 6,200,000",3 rec.,"5
					
						baños",525 m²
1620528314-16410,https://www.inmuebles24.com/casas-en-venta-en-jurica-pagina-7.html,"Estupenda Casa en Jurica, de Oportunidad! C.401 m², Gran U","MN 4,800,000",4 rec.,"3
					
						baños",253 m²
1620528245-16278,https://www.inmuebles24.com/casas-en-venta-en-jurica-pagina-12.html,Casa en Venta en Jurica,"MN 12,000,000",4 rec.,"5
					
						baños",2220 m²
1620528227-16235,https://www.inmuebles24.com/casas-en-venta-en-jurica-pagina-14.html,"Se Vende Residencia en Jurica con 1,000 m² de Terreno, Jardin, 6 Autos","MN 10,500,000",3 rec.,"4
					
						baños",1000 m²
1620528314-16403,https://www.inmuebles24.com/casas-en-venta-en-jurica-pagina-7.html,Amplia Casa en Venta en Jurica Aqc,"MN 3,320,000",3 rec.,"4
					
						baños",210 m²
1620528314-16414,https://www.inmuebles24.com/casas-en-venta-en-jurica-pagina-7.html,"Preciosa Residencia en Jurica, T.1,770 m² - Jardines, Alberca, Lujo!","MN 18,000,000",3 rec.,"4
					
						baños",1770 m²
1620528219-16211,https://www.inmuebles24.com/casas-en-venta-en-jurica-pagina-15.html,Casa en Venta en Jurica,"MN 13,000,000",4 rec.,"5
					
						baños",650 m²
1620528314-16395,https://www.inmuebles24.com/casas-en-venta-en-jurica-pagina-7.html,Casa en Venta Jurica 3 Habitaciones Jgcc,"MN 6,200,000",3 rec.,"3
					
						baños",316 m²
1620528273-16319,https://www.inmuebles24.com/casas-en-venta-en-jurica-pagina-10.html,Casa Nueva en Venta Estilo Contemporáneo en Jurica,"MN 13,000,000",4 rec.,"4
					
						baños",650 m²
1620528201-16166,https://www.inmuebles24.com/casas-en-venta-en-jurica-pagina-17.html,Casa en Venta en Jurica 500 m²,"MN 13,900,000",4 rec.,"4
					
						baños",500 m²
1620528289-16360,https://www.inmuebles24.com/casas-en-venta-en-jurica-pagina-9.html,Jurica Bella Residencia Diseñada con Amplitud y Elegancia,"MN 21,250,000",4 rec.,"3
					
						baños",2133 m²
1620528374-16552,https://www.inmuebles24.com/casas-en-venta-en-jurica-pagina-1.html,"Jurica en Privada, Casa en Venta Estilo Mexicano y Amplios E","MN 6,800,000",3 rec.,"3
					
						baños",505 m²
1620528348-16485,https://www.inmuebles24.com/casas-en-venta-en-jurica-pagina-4.html,Venta Casa en Jurica Queretaro Ll,"MN 7,000,000",3 rec.,"4
					
						baños",1002 m²
1620528289-16346,https://www.inmuebles24.com/casas-en-venta-en-jurica-pagina-9.html,Venta de Residencia Duplex en Queretaro Fraccionamiento Jurica,"MN 3,170,000",3 rec.,"2
					
						baños",210 m²
1620528365-16526,https://www.inmuebles24.com/casas-en-venta-en-jurica-pagina-2.html,"Casa en Venta en Rinconada Jurica, C999","MN 20,000,000",4 rec.,"4
					
						baños",1118 m²
1620528289-16349,https://www.inmuebles24.com/casas-en-venta-en-jurica-pagina-9.html,"Casa en Venta en Regency, Jurica, Querétaro. en Privada con Acceso a Club Deportivo.","MN 11,990,000",3 rec.,"3
					
						baños",760 m²
1620528201-16174,https://www.inmuebles24.com/casas-en-venta-en-jurica-pagina-17.html,"Casa en Venta, Jurica","MN 10,800,000",5 rec.,"5
					
						baños",1360 m²
1620528289-16354,https://www.inmuebles24.com/casas-en-venta-en-jurica-pagina-9.html,"Espectacular Casa en Venta en Jurica, D134","MN 19,950,000",4 rec.,"4
					
						baños",2202 m²
1620528348-16464,https://www.inmuebles24.com/casas-en-venta-en-jurica-pagina-4.html,"Casa en Venta en Jurica $7'500,000","MN 7,500,000",3 rec.,"3
					
						baños",408 m²
1620528374-16556,https://www.inmuebles24.com/casas-en-venta-en-jurica-pagina-1.html,Casa en Venta en Jurica de un Nivel con Alberca,"MN 18,950,000",4 rec.,"5
					
						baños",1772 m²
1620528348-16480,https://www.inmuebles24.com/casas-en-venta-en-jurica-pagina-4.html,Casa en Venta - Jurica - Queretaro - C1339,"MN 10,000,000",6 rec.,"4
					
						baños",2220 m²
1620529619-19649,https://www.inmuebles24.com/casas-en-venta-en-juriquilla-pagina-47.html,"Fracc Palmas, Entre Jurica y Juriquilla, 3 Recámaras, 2.5 Baños, Alberca","MN 1,580,000",3 rec.,"2
					
						baños",98 m²
1620528374-16549,https://www.inmuebles24.com/casas-en-venta-en-jurica-pagina-1.html,Casa en Venta en Jurica Querétaro,"MN 11,950,000",5 rec.,"5
					
						baños",652 m²
1620528356-16502,https://www.inmuebles24.com/casas-en-venta-en-jurica-pagina-3.html,Casa en Venta en Jurica de un Nivel,"MN 12,500,000",3 rec.,"3
					
						baños",1100 m²
1620528273-16332,https://www.inmuebles24.com/casas-en-venta-en-jurica-pagina-10.html,Venta Casa Jurica,"MN 8,500,000",3 rec.,"4
					
						baños",510 m²
1620528356-16498,https://www.inmuebles24.com/casas-en-venta-en-jurica-pagina-3.html,Jurica Hermosa Casa Estilo Mexicano Contemporaneo,"MN 8,500,000",3 rec.,"4
					
						baños",582 m²
1620528219-16221,https://www.inmuebles24.com/casas-en-venta-en-jurica-pagina-15.html,"Hermosa Residencia en Jurica, Nueva, 3recs, 4 Baños, Cto Serv, Estudio, Jardín.","MN 4,750,000",3 rec.,"5
					
						baños",449 m²
1620528374-16539,https://www.inmuebles24.com/casas-en-venta-en-jurica-pagina-1.html,Casa Venta Jurica,"MN 13,000,000",4 rec.,"5
					
						baños",650 m²
1620528348-16476,https://www.inmuebles24.com/casas-en-venta-en-jurica-pagina-4.html,"Casa en Venta en Jurica, D208","MN 5,950,000",2 rec.,"1
					
						baño",949 m²
1620528365-16511,https://www.inmuebles24.com/casas-en-venta-en-jurica-pagina-2.html,"Casa en Venta en Jurica, D268","MN 6,750,000",3 rec.,"3
					
						baños",740 m²
1620528289-16345,https://www.inmuebles24.com/casas-en-venta-en-jurica-pagina-9.html,Casa en Venta en Jurica,"MN 5,300,000",4 rec.,"3
					
						baños",601 m²
1620528356-16508,https://www.inmuebles24.com/casas-en-venta-en-jurica-pagina-3.html,Casa en Venta en Jurica con Habitación en Planta Baja y Cuarto de Servicio,"MN 5,300,000",4 rec.,"4
					
						baños",510 m²
1620528327-16426,https://www.inmuebles24.com/casas-en-venta-en-jurica-pagina-6.html,Casa en Venta en Fracc. Jurica,"MN 5,471,000",4 rec.,"3
					
						baños",601 m²
1620528338-16444,https://www.inmuebles24.com/casas-en-venta-en-jurica-pagina-5.html,"Casa en Venta de Una Planta en Jurica Campestre, Querétaro. T 1.100 m² C 386 m²","MN 12,500,000",3 rec.,"3
					
						baños",1100 m²
1620528338-16449,https://www.inmuebles24.com/casas-en-venta-en-jurica-pagina-5.html,Venta de Casa en Privada Regency Jurica Queretaro,"MN 16,500,000",3 rec.,"4
					
						baños",780 m²
1620528273-16330,https://www.inmuebles24.com/casas-en-venta-en-jurica-pagina-10.html,"Casa en Venta, en Fraccionamiento Jurica Campestre, Querétaro","MN 10,000,000",5 rec.,"4
					
						baños",2216 m²
1620528210-16188,https://www.inmuebles24.com/casas-en-venta-en-jurica-pagina-16.html,"Preciosa Residencia de Autor en Jurica, Nueva, Alberca, 4 Re","MN 10,500,000",4 rec.,"4
					
						baños",555 m²
1620528327-16420,https://www.inmuebles24.com/casas-en-venta-en-jurica-pagina-6.html,"Casa en Venta Arco de Piedra, Jurica Querétaro","MN 8,150,000",3 rec.,"3
					
						baños",304 m²
1620528289-16347,https://www.inmuebles24.com/casas-en-venta-en-jurica-pagina-9.html,Jurica Casa en Venta Se un Nivel con Increible Diseño,"MN 20,000,000",3 rec.,"3
					
						baños",2060 m²
1620528365-16533,https://www.inmuebles24.com/casas-en-venta-en-jurica-pagina-2.html,"Venta Casa Estilo Mexicano Contemporáneo en Jurica, Querétaro!","MN 10,990,000",4 rec.,"4
					
						baños",1000 m²
1620528273-16340,https://www.inmuebles24.com/casas-en-venta-en-jurica-pagina-10.html,"Casa en Ciruelos de Jurica, Querétaro","MN 2,870,000",2 rec.,"2
					
						baños",231 m²
1620528219-16207,https://www.inmuebles24.com/casas-en-venta-en-jurica-pagina-15.html,Casa en Venta Estilo Mexicano,"MN 9,500,000",4 rec.,"4
					
						baños",890 m²
1620528338-16457,https://www.inmuebles24.com/casas-en-venta-en-jurica-pagina-5.html,"Residencia Premium en Jurica, T.525 m² - C.450 m² - 3 Recáma","MN 8,600,000",3 rec.,"4
					
						baños",525 m²
1620528201-16163,https://www.inmuebles24.com/casas-en-venta-en-jurica-pagina-17.html,"Jurica, Jacarandas","MN 7,300,000",4 rec.,"4
					
						baños",1000 m²
1620528236-16248,https://www.inmuebles24.com/casas-en-venta-en-jurica-pagina-13.html,Hermosa Casa en Venta de un Nivel en Privada Jurica,"MN 11,500,000",2 rec.,"4
					
						baños",918 m²
1620528273-16342,https://www.inmuebles24.com/casas-en-venta-en-jurica-pagina-10.html,Venta de Casa en Jurica Queretaro Gran Jardin,"MN 7,130,000",4 rec.,"4
					
						baños",525 m²
1620528374-16541,https://www.inmuebles24.com/casas-en-venta-en-jurica-pagina-1.html,Casa en Venta Jurica Arco de Piedra,"MN 9,200,000",3 rec.,"4
					
						baños",271 m²
1620528245-16293,https://www.inmuebles24.com/casas-en-venta-en-jurica-pagina-12.html,Casa en Venta - Jurica - Queretaro - C1308,"MN 3,320,000",3 rec.,"2
					
						baños",210 m²
1620528314-16393,https://www.inmuebles24.com/casas-en-venta-en-jurica-pagina-7.html,"Residencia Premium en Jurica, T.525 m² - C.450 m² - 3 Recáma","MN 8,600,000",3 rec.,"4
					
						baños",525 m²
1620528338-16445,https://www.inmuebles24.com/casas-en-venta-en-jurica-pagina-5.html,Casa en Venta en Jurica,"MN 20,000,000",4 rec.,"5
					
						baños",1050 m²
1620528289-16343,https://www.inmuebles24.com/casas-en-venta-en-jurica-pagina-9.html,Casa en Venta Jurica 3 Habitaciones,"MN 3,320,019",3 rec.,"2
					
						baños",210 m²
1620528348-16466,https://www.inmuebles24.com/casas-en-venta-en-jurica-pagina-4.html,Jurica Hermosa Casa Estilo Mexicano Contemporaneo,"MN 8,500,000",3 rec.,"4
					
						baños",582 m²
1620528273-16325,https://www.inmuebles24.com/casas-en-venta-en-jurica-pagina-10.html,Bellisima Residencia con Alberca Privada en Jurica de 750 m Rcs19 - 1921,"MN 11,350,000",5 rec.,"6
					
						baños",960 m²
1620528327-16425,https://www.inmuebles24.com/casas-en-venta-en-jurica-pagina-6.html,"Linda Casa en Jurica, de Oportunidad! C.401 m², Gran Ubica","MN 4,800,000",4 rec.,"3
					
						baños",254 m²
1620528314-16404,https://www.inmuebles24.com/casas-en-venta-en-jurica-pagina-7.html,Casa en Venta en Jurica Querétaro,"MN 12,000,000",4 rec.,"4
					
						baños",650 m²
1620528298-16387,https://www.inmuebles24.com/casas-en-venta-en-jurica-pagina-8.html,"Venta de Exclusiva Residencia con Alberca, Jurica Querétaro","MN 27,000,000",4 rec.,"6
					
						baños",2900 m²
1620528314-16401,https://www.inmuebles24.com/casas-en-venta-en-jurica-pagina-7.html,Casa con Alberca Privada en Venta Dentro de Privada en Jurica,"MN 11,349,971",5 rec.,"5
					
						baños",920 m²
1620528314-16400,https://www.inmuebles24.com/casas-en-venta-en-jurica-pagina-7.html,"Se Vende Residencia en Jurica con 1,000 m² de Terreno, Jardi","MN 10,500,000",3 rec.,"4
					
						baños",1000 m²
1620528298-16367,https://www.inmuebles24.com/casas-en-venta-en-jurica-pagina-8.html,"Preciosa Residencia en Jurica, Alberca Propia, Jardín y Gym","MN 12,500,000",4 rec.,"4
					
						baños",510 m²
1620528253-16316,https://www.inmuebles24.com/casas-en-venta-en-jurica-pagina-11.html,Casa en Ciruelos Col. Jurica Pinar Santiago Querétaro,"MN 2,870,000",3 rec.,"1
					
						baño",231 m²
1620528253-16297,https://www.inmuebles24.com/casas-en-venta-en-jurica-pagina-11.html,"Casa en Venta en Jurica, B865","MN 20,000,000",4 rec.,"5
					
						baños",2220 m²
1620528365-16513,https://www.inmuebles24.com/casas-en-venta-en-jurica-pagina-2.html,"Casa en Venta en Jurica, D198","MN 6,500,000",3 rec.,"3
					
						baños",664 m²
1620528245-16275,https://www.inmuebles24.com/casas-en-venta-en-jurica-pagina-12.html,Casa en Jurica Grande Vigilancia 24 Horas en La Mera Entrada a Jurica,"MN 5,700,000",3 rec.,"3
					
						baños",510 m²
1620528210-16197,https://www.inmuebles24.com/casas-en-venta-en-jurica-pagina-16.html,"Casa en Venta, Jurica","MN 16,000,000",4 rec.,"6
					
						baños",2220 m²
1620528236-16247,https://www.inmuebles24.com/casas-en-venta-en-jurica-pagina-13.html,Venta de Casa en Arcos de Piedra Jurica 3 Recamaras Cuarto de Servicio,"MN 6,200,000",3 rec.,"3
					
						baños",264 m²
1620528253-16315,https://www.inmuebles24.com/casas-en-venta-en-jurica-pagina-11.html,"Casa en Venta en Jurica, B992","MN 13,500,000",4 rec.,"5
					
						baños",1000 m²
1620528338-16455,https://www.inmuebles24.com/casas-en-venta-en-jurica-pagina-5.html,Casa en Jurica,"MN 11,900,000",4 rec.,"4
					
						baños",400 m²
1620528219-16218,https://www.inmuebles24.com/casas-en-venta-en-jurica-pagina-15.html,Amplia Casa en Venta en Jurica Aqc,"MN 3,320,000",3 rec.,"4
					
						baños",210 m²
1620528227-16243,https://www.inmuebles24.com/casas-en-venta-en-jurica-pagina-14.html,Casa Venta Jurica Queretaro,"MN 5,500,000",5 rec.,"6
					
						baños",510 m²
1620528289-16359,https://www.inmuebles24.com/casas-en-venta-en-jurica-pagina-9.html,Venta Casas - Jurica - Queretaro,"MN 9,500,000",6 rec.,"6
					
						baños",1250 m²
1620528273-16323,https://www.inmuebles24.com/casas-en-venta-en-jurica-pagina-10.html,"Casa con Alberca en Venta en Fraccionamiento Jurica, Querétaro","MN 12,200,000",3 rec.,"3
					
						baños",1000 m²
1620528201-16167,https://www.inmuebles24.com/casas-en-venta-en-jurica-pagina-17.html,Casa en Venta en Jurica,"MN 5,300,000",3 rec.,"4
					
						baños",510 m²
1620528374-16536,https://www.inmuebles24.com/casas-en-venta-en-jurica-pagina-1.html,Casa en Venta - Jurica - Queretaro - C1321,"MN 16,500,000",4 rec.,"4
					
						baños",780 m²
1620528298-16372,https://www.inmuebles24.com/casas-en-venta-en-jurica-pagina-8.html,"Preciosa Residencia de Autor en Jurica, Nueva, Alberca, 4 Re","MN 10,500,000",4 rec.,"4
					
						baños",555 m²
1620528245-16289,https://www.inmuebles24.com/casas-en-venta-en-jurica-pagina-12.html,"Casa en Venta en Jurica, C425","MN 10,250,000",3 rec.,"3
					
						baños",1000 m²
1620528348-16477,https://www.inmuebles24.com/casas-en-venta-en-jurica-pagina-4.html,Casa en Venta en Jurica de un Nivel,"MN 12,500,000",3 rec.,"3
					
						baños",1100 m²
1620528327-16428,https://www.inmuebles24.com/casas-en-venta-en-jurica-pagina-6.html,"Residencia Premium en Jurica, T.525 m² - C.450 m² - 4 Recámaras, 4 Baños, Jardín","MN 7,990,000",4 rec.,"4
					
						baños",525 m²
1620528327-16433,https://www.inmuebles24.com/casas-en-venta-en-jurica-pagina-6.html,"Estupenda Casa en Venta en Jurica Remodelada, Queretaro","MN 10,900,000",4 rec.,"4
					
						baños",1400 m²
1620528374-16555,https://www.inmuebles24.com/casas-en-venta-en-jurica-pagina-1.html,Residencial - Casa - Venta en Fraccionamiento Jurica Campestre,"MN 10,000,000",5 rec.,"4
					
						baños",2216 m²
1620528236-16260,https://www.inmuebles24.com/casas-en-venta-en-jurica-pagina-13.html,Casa en Venta en Jurica,"MN 7,100,000",5 rec.,"7
					
						baños",344 m²
1620528327-16421,https://www.inmuebles24.com/casas-en-venta-en-jurica-pagina-6.html,Casa en Venta - Jurica - Queretaro - C1368,"MN 7,100,000",6 rec.,"4
					
						baños",1000 m²
1620528227-16232,https://www.inmuebles24.com/casas-en-venta-en-jurica-pagina-14.html,Casa en Venta en Privada en Jurica Campestre Queretaro,"MN 16,500,000",5 rec.,"4
					
						baños",780 m²
1620528356-16497,https://www.inmuebles24.com/casas-en-venta-en-jurica-pagina-3.html,Casa en Venta en Jurica de un Nivel y Seis Habitaciones,"MN 10,000,000",6 rec.,"4
					
						baños",2216 m²
1620528245-16273,https://www.inmuebles24.com/casas-en-venta-en-jurica-pagina-12.html,Casa en Jurica,"MN 11,900,000",4 rec.,"4
					
						baños",400 m²
1620528201-16159,https://www.inmuebles24.com/casas-en-venta-en-jurica-pagina-17.html,Casa Jurica,"MN 13,500,000",6 rec.,"6
					
						baños",3771 m²
1620528338-16441,https://www.inmuebles24.com/casas-en-venta-en-jurica-pagina-5.html,Casa en Venta en Jurica,"MN 4,000,000",3 rec.,"4
					
						baños",378 m²
1620528219-16216,https://www.inmuebles24.com/casas-en-venta-en-jurica-pagina-15.html,Venta Espectacular Casa en Jurica con Alberca,"MN 21,850,000",4 rec.,"5
					
						baños",2202 m²
1620528201-16169,https://www.inmuebles24.com/casas-en-venta-en-jurica-pagina-17.html,Residencial en Venta Jurica Campestre,"MN 6,900,000",4 rec.,"5
					
						baños",370 m²
1620528210-16191,https://www.inmuebles24.com/casas-en-venta-en-jurica-pagina-16.html,Casa a La Venta en Exclusivo Clúster de Querétaro,"MN 3,000,000",3 rec.,"3
					
						baños",128 m²
1620528289-16355,https://www.inmuebles24.com/casas-en-venta-en-jurica-pagina-9.html,Venta de Casa en Privada Regency Jurica Queretaro,"MN 16,500,000",3 rec.,"4
					
						baños",780 m²
1620528338-16442,https://www.inmuebles24.com/casas-en-venta-en-jurica-pagina-5.html,"Casa en Venta en Jurica, Querétaro.","MN 5,800,000",3 rec.,"3
					
						baños",550 m²
1620528219-16213,https://www.inmuebles24.com/casas-en-venta-en-jurica-pagina-15.html,"Residencia Modernista a La Venta en Jurica, Querétaro.","MN 13,000,000",4 rec.,"4
					
						baños",652 m²
1620528227-16242,https://www.inmuebles24.com/casas-en-venta-en-jurica-pagina-14.html,"Casa en Venta en Jurica, Residencia con Alberca","MN 11,350,000",5 rec.,"5
					
						baños",610 m²
1620528338-16446,https://www.inmuebles24.com/casas-en-venta-en-jurica-pagina-5.html,Venta Casa Jurica,"MN 19,000,000",5 rec.,"8
					
						baños",980 m²
1620528298-16388,https://www.inmuebles24.com/casas-en-venta-en-jurica-pagina-8.html,Casa en Ciruelos Col. Jurica Pinar Santiago Querétaro,"MN 2,870,000",3 rec.,"1
					
						baño",231 m²
1620528236-16250,https://www.inmuebles24.com/casas-en-venta-en-jurica-pagina-13.html,"Casa en Venta en Jurica, Querétaro. en Av de un Piso.","MN 7,500,000",3 rec.,"3
					
						baños",1000 m²
1620528327-16424,https://www.inmuebles24.com/casas-en-venta-en-jurica-pagina-6.html,Casa en Venta en Jurica,"MN 12,990,000",4 rec.,"8
					
						baños",2269 m²
1620528356-16492,https://www.inmuebles24.com/casas-en-venta-en-jurica-pagina-3.html,"Casa en Venta en Arco de Piedra, Jurica","MN 6,200,000",3 rec.,"3
					
						baños",275 m²
1620528348-16482,https://www.inmuebles24.com/casas-en-venta-en-jurica-pagina-4.html,Casa en Venta en Jurica Queretaro,"MN 5,309,000",4 rec.,"4
					
						baños",273 m²
1620528327-16415,https://www.inmuebles24.com/casas-en-venta-en-jurica-pagina-6.html,Casa en Venta Jurica Queretaro Rcv - Cl,"MN 6,300,000",3 rec.,"2
					
						baños",525 m²
1620528298-16384,https://www.inmuebles24.com/casas-en-venta-en-jurica-pagina-8.html,Casa en Venta en Jurica Queretaro,"MN 5,309,000",4 rec.,"4
					
						baños",273 m²
1620528356-16509,https://www.inmuebles24.com/casas-en-venta-en-jurica-pagina-3.html,Casa de 3 Hab. en Arco de Piedra Jurica,"MN 6,450,000",3 rec.,"3
					
						baños",305 m²
1620528253-16295,https://www.inmuebles24.com/casas-en-venta-en-jurica-pagina-11.html,Casa en Venta en Jurica,"MN 7,100,000",5 rec.,"7
					
						baños",344 m²
1620528374-16546,https://www.inmuebles24.com/casas-en-venta-en-jurica-pagina-1.html,Casa en Venta de un Sola Piso en Jurica Querétaro,"MN 7,890,000",3 rec.,"1
					
						baño",1367 m²
1620528245-16294,https://www.inmuebles24.com/casas-en-venta-en-jurica-pagina-12.html,"Preciosa Residencia en Jurica, T.1,770 m² - Jardines, Alberc","MN 18,000,000",3 rec.,"4
					
						baños",1770 m²
1620528253-16301,https://www.inmuebles24.com/casas-en-venta-en-jurica-pagina-11.html,"Casa en Venta en Jurica, D321","MN 12,000,000",3 rec.,"4
					
						baños",740 m²
1620528210-16185,https://www.inmuebles24.com/casas-en-venta-en-jurica-pagina-16.html,Casa con Terraza en Recámara Principal,"MN 16,500,000",5 rec.,"4
					
						baños",780 m²
1620528374-16551,https://www.inmuebles24.com/casas-en-venta-en-jurica-pagina-1.html,"Casa en Venta en Jurica, C760","MN 12,500,000",3 rec.,"3
					
						baños",740 m²
1620528298-16379,https://www.inmuebles24.com/casas-en-venta-en-jurica-pagina-8.html,Casa en Venta Jurica 5 Habitaciones,"MN 11,350,019",5 rec.,"5
					
						baños",920 m²
1620528365-16532,https://www.inmuebles24.com/casas-en-venta-en-jurica-pagina-2.html,"Querétaro Jurica, Venta Súper Agradable y Ecológica Residencia","MN 11,300,000",4 rec.,"4
					
						baños",1358 m²
1620528253-16299,https://www.inmuebles24.com/casas-en-venta-en-jurica-pagina-11.html,Venta Casa Jurica,"MN 8,500,000",3 rec.,"3
					
						baños",232 m²
1620528227-16230,https://www.inmuebles24.com/casas-en-venta-en-jurica-pagina-14.html,Casa en Venta Jurica 3 Habitaciones,"MN 6,200,081",3 rec.,"3
					
						baños",316 m²
1620528236-16264,https://www.inmuebles24.com/casas-en-venta-en-jurica-pagina-13.html,Casa en Venta en Jurica,"MN 13,900,000",6 rec.,"7
					
						baños",2200 m²
1620528245-16285,https://www.inmuebles24.com/casas-en-venta-en-jurica-pagina-12.html,"Hermosa Casa en Venta en Jurica, Querétaro","MN 12,800,000",4 rec.,"4
					
						baños",510 m²
1620528338-16458,https://www.inmuebles24.com/casas-en-venta-en-jurica-pagina-5.html,Casa en Venta en Campestre Jurica,"MN 9,800,000",5 rec.,"5
					
						baños",2217 m²
1620528356-16507,https://www.inmuebles24.com/casas-en-venta-en-jurica-pagina-3.html,Venta Casa Jurica,"MN 13,000,000",4 rec.,"5
					
						baños",650 m²
1620528327-16437,https://www.inmuebles24.com/casas-en-venta-en-jurica-pagina-6.html,Casa en Venta en Jurica,"MN 1,837,000",3 rec.,"1
					
						baño",159 m²
1620528210-16182,https://www.inmuebles24.com/casas-en-venta-en-jurica-pagina-16.html,Casa en Jurica Grande Vigilancia 24 Horas en La Mera Entrada a Jurica,"MN 5,700,000",3 rec.,"3
					
						baños",510 m²
1620528314-16405,https://www.inmuebles24.com/casas-en-venta-en-jurica-pagina-7.html,"Hermosa Residencia en Jurica, Nueva, 3recs, 4 Baños, Cto Serv, Estudio, Jardín.","MN 4,750,000",3 rec.,"5
					
						baños",449 m²
1620528273-16329,https://www.inmuebles24.com/casas-en-venta-en-jurica-pagina-10.html,"Estupenda Casa en Jurica, de Oportunidad! C.401 m², Gran U","MN 4,800,000",4 rec.,"3
					
						baños",253 m²
1620528374-16543,https://www.inmuebles24.com/casas-en-venta-en-jurica-pagina-1.html,"Jurica, Casa de un Nivel en Venta con Terraza y Jacuzzi","MN 12,500,000",4 rec.,"4
					
						baños",1100 m²
1620529030-18207,https://www.inmuebles24.com/casas-en-venta-en-residencial-el-refugio-pagina-17.html,Acogedora Casa en Condominio con Vigilancia. Jurica.,"MN 4,490,000",3 rec.,"2
					
						baños",176 m²
1620528348-16479,https://www.inmuebles24.com/casas-en-venta-en-jurica-pagina-4.html,"Casa con 1,000 m² de Terreno Ideal Para Remodelar, en Venta en Jurica","MN 6,900,000",3 rec.,"3
					
						baños",1000 m²
1620528348-16472,https://www.inmuebles24.com/casas-en-venta-en-jurica-pagina-4.html,"Casa en Venta en Jurica, D228","MN 8,750,000",3 rec.,"4
					
						baños",420 m²
1620528253-16302,https://www.inmuebles24.com/casas-en-venta-en-jurica-pagina-11.html,Venta Casa en Jurica Remodelada con 3 Recamaras y Cuarto de Servicio,"MN 3,320,072",3 rec.,"2
					
						baños",210 m²
1620528253-16298,https://www.inmuebles24.com/casas-en-venta-en-jurica-pagina-11.html,Casa en Venta Jurica Queretaro Rcv - Cl,"MN 6,300,000",3 rec.,"2
					
						baños",525 m²
1620528253-16309,https://www.inmuebles24.com/casas-en-venta-en-jurica-pagina-11.html,Decide Ser Feliz en Esta Hermosa Casa en Venta en Una de Las Mejores Zonas de Queretaro,"MN 6,400,000",5 rec.,"3
					
						baños",644 m²
1620528219-16204,https://www.inmuebles24.com/casas-en-venta-en-jurica-pagina-15.html,Casa en Venta en Jurica,"MN 12,000,000",4 rec.,"5
					
						baños",2220 m²
1620528236-16262,https://www.inmuebles24.com/casas-en-venta-en-jurica-pagina-13.html,Casa en Venta en Jurica,"MN 6,800,000",4 rec.,"5
					
						baños",840 m²
1620528314-16407,https://www.inmuebles24.com/casas-en-venta-en-jurica-pagina-7.html,Casa en Venta Jurica 3 Habitaciones,"MN 3,320,000",3 rec.,"2
					
						baños",210 m²
1620528236-16265,https://www.inmuebles24.com/casas-en-venta-en-jurica-pagina-13.html,Casa en Venta de un Piso con Alberca y Cuarto de Huéspedes en El Corazón de Jurica,"MN 8,500,000",5 rec.,"4
					
						baños",1000 m²
1620528298-16385,https://www.inmuebles24.com/casas-en-venta-en-jurica-pagina-8.html,Casa en Venta en Jurica,"MN 13,000,000",4 rec.,"5
					
						baños",650 m²
1620528273-16341,https://www.inmuebles24.com/casas-en-venta-en-jurica-pagina-10.html,"Residencia Premium en Jurica, T.525 m² - C.450 m² - 4 Recámaras, 4 Baños, Jardín","MN 7,990,000",4 rec.,"4
					
						baños",525 m²
1620528338-16456,https://www.inmuebles24.com/casas-en-venta-en-jurica-pagina-5.html,Casa en Venta - Jurica - Queretaro - C1368,"MN 7,100,000",6 rec.,"4
					
						baños",1000 m²
1620528374-16540,https://www.inmuebles24.com/casas-en-venta-en-jurica-pagina-1.html,Casa en Venta - Jurica - Queretaro - C1291,"MN 9,000,000",3 rec.,"3
					
						baños",1000 m²
1620528356-16493,https://www.inmuebles24.com/casas-en-venta-en-jurica-pagina-3.html,"Amplia Casa en Jurica Remodelada, con Espacios Funcionales, 1400 m² de Terreno!","MN 10,900,000",4 rec.,"4
					
						baños",1400 m²
1620528219-16215,https://www.inmuebles24.com/casas-en-venta-en-jurica-pagina-15.html,"Preciosa Residencia en Jurica, Alberca Propia, Jardín y Gym","MN 12,500,000",4 rec.,"4
					
						baños",510 m²
1620528365-16534,https://www.inmuebles24.com/casas-en-venta-en-jurica-pagina-2.html,Casa en Venta - Jurica - Queretaro - C1478,"MN 17,500,000",4 rec.,"4
					
						baños",759 m²
1620528348-16470,https://www.inmuebles24.com/casas-en-venta-en-jurica-pagina-4.html,Residencia de 1 Piso en Venta en Jurica,"MN 11,600,000",3 rec.,"4
					
						baños",1000 m²
1620528289-16344,https://www.inmuebles24.com/casas-en-venta-en-jurica-pagina-9.html,"Casa en Venta en Jurica, C521","MN 10,000,000",4 rec.,"4
					
						baños",1000 m²
1620528273-16336,https://www.inmuebles24.com/casas-en-venta-en-jurica-pagina-10.html,Jurica Casa con Acabados de Lujo en Venta de 3 Recamaras y 445 M²!,"MN 13,500,072",3 rec.,"4
					
						baños",510 m²
1620528245-16279,https://www.inmuebles24.com/casas-en-venta-en-jurica-pagina-12.html,"Casa en Venta en Jurica, C765","MN 8,500,000",3 rec.,"3
					
						baños",1000 m²
1620528314-16399,https://www.inmuebles24.com/casas-en-venta-en-jurica-pagina-7.html,"Residencia Premium en Jurica, T.525 m² - C.450 m² - 3 Recáma","MN 7,990,000",3 rec.,"4
					
						baños",525 m²
1620528210-16178,https://www.inmuebles24.com/casas-en-venta-en-jurica-pagina-16.html,Kl / ¡Oportunidad! Casa Venta Jurica (3 Casas en 1).,"MN 9,500,000",11 rec.,"6
					
						baños",1750 m²
1620528236-16269,https://www.inmuebles24.com/casas-en-venta-en-jurica-pagina-13.html,Casa en Venta en Jurica Ofp 21 1102,"MN 6,200,000",3 rec.,"3
					
						baños",264 m²
1620528219-16212,https://www.inmuebles24.com/casas-en-venta-en-jurica-pagina-15.html,Venta Casa en Jurica Campestre Queretaro Ll,"MN 9,500,000",6 rec.,"6
					
						baños",1250 m²
1620528245-16280,https://www.inmuebles24.com/casas-en-venta-en-jurica-pagina-12.html,Hermosa Casa en Venta con Amplio Jardín en Jurica. Oc,"MN 6,500,000",5 rec.,"4
					
						baños",652 m²
1620528227-16227,https://www.inmuebles24.com/casas-en-venta-en-jurica-pagina-14.html,Casa Venta Jurica Regency,"MN 17,000,000",4 rec.,"4
					
						baños",760 m²
1620528201-16164,https://www.inmuebles24.com/casas-en-venta-en-jurica-pagina-17.html,Hermosa Casa en Jurica Queretaro.,"MN 18,990,000",3 rec.,"5
					
						baños",2202 m²
1620528356-16503,https://www.inmuebles24.com/casas-en-venta-en-jurica-pagina-3.html,Casa en Venta - Jurica - Queretaro - C1318,"MN 7,300,000",4 rec.,"4
					
						baños",1000 m²
1620528210-16184,https://www.inmuebles24.com/casas-en-venta-en-jurica-pagina-16.html,"Vive Tranquilo en Esta Hermosa Casa Que Esta a La Venta, Ubicada en Jurica Qro","MN 2,990,000",3 rec.,"3
					
						baños",195 m²
1620528374-16554,https://www.inmuebles24.com/casas-en-venta-en-jurica-pagina-1.html,Casa de 4 Hab. Dentro de Exclusiva Privada en Jurica,"MN 7,000,000",4 rec.,"4
					
						baños",277 m²
1620528253-16300,https://www.inmuebles24.com/casas-en-venta-en-jurica-pagina-11.html,"Casa Sola en Venta en Jurica, Querétaro, Querétaro","MN 13,500,000",5 rec.,"4
					
						baños",1470 m²
1620528365-16531,https://www.inmuebles24.com/casas-en-venta-en-jurica-pagina-2.html,Casa en Venta - Jurica - Queretaro - C1550,"MN 16,850,000",4 rec.,"4
					
						baños",2222 m²
1620528236-16254,https://www.inmuebles24.com/casas-en-venta-en-jurica-pagina-13.html,Residencia un Nivel Zona Arbolada,"MN 7,300,000",4 rec.,"4
					
						baños",1000 m²
1620528253-16311,https://www.inmuebles24.com/casas-en-venta-en-jurica-pagina-11.html,"Casa en Venta en Jurica, C995","MN 10,000,000",6 rec.,"4
					
						baños",2216 m²
1620528210-16190,https://www.inmuebles24.com/casas-en-venta-en-jurica-pagina-16.html,Jurica Residencia de 5 Recamaras y Alberca Privada,"MN 11,350,000",5 rec.,"5
					
						baños",920 m²
1620528298-16381,https://www.inmuebles24.com/casas-en-venta-en-jurica-pagina-8.html,Casa en Venta en Jurica,"MN 35,000,000",5 rec.,"6
					
						baños",1186 m²
1620528356-16491,https://www.inmuebles24.com/casas-en-venta-en-jurica-pagina-3.html,"Casa en Venta en Jurica, D210","MN 6,300,000",3 rec.,"2
					
						baños",525 m²
1620528210-16180,https://www.inmuebles24.com/casas-en-venta-en-jurica-pagina-16.html,"Preciosa Residencia en Jurica, T.1,770 m² - Jardines, Alberca, Lujo!","MN 18,000,000",3 rec.,"4
					
						baños",1770 m²
1620528374-16542,https://www.inmuebles24.com/casas-en-venta-en-jurica-pagina-1.html,Casa en Venta en Jurica de un Nivel,"MN 7,500,000",3 rec.,"2
					
						baños",525 m²
1620528210-16186,https://www.inmuebles24.com/casas-en-venta-en-jurica-pagina-16.html,Hermosa Casa en Privada con Vigilancia en Jurica. Oc,"MN 5,500,000",3 rec.,"2
					
						baños",510 m²
1620528245-16288,https://www.inmuebles24.com/casas-en-venta-en-jurica-pagina-12.html,"Casa en Venta en Rinconada Jurica, D231","MN 9,800,000",4 rec.,"3
					
						baños",400 m²
1620528298-16369,https://www.inmuebles24.com/casas-en-venta-en-jurica-pagina-8.html,Venta Casa de 1 Piso en Jurica,"MN 8,800,000",3 rec.,"2
					
						baños",1733 m²
1620528338-16461,https://www.inmuebles24.com/casas-en-venta-en-jurica-pagina-5.html,Jurica Casa en Venta de 3 Recamaras y 235 M²!,"MN 3,320,000",3 rec.,"2
					
						baños",210 m²
1620528273-16338,https://www.inmuebles24.com/casas-en-venta-en-jurica-pagina-10.html,Venta Moderna Casa en Arco de Piedra con Gran Plusvalía,"MN 6,200,000",3 rec.,"3
					
						baños",275 m²
1620528273-16324,https://www.inmuebles24.com/casas-en-venta-en-jurica-pagina-10.html,Se Vende Increíble y Exclusiva Propiedad Residencial en Juri,"MN 17,750,000",4 rec.,"4
					
						baños",2202 m²
1620528201-16160,https://www.inmuebles24.com/casas-en-venta-en-jurica-pagina-17.html,Casa en Venta en Jurica,"MN 6,800,000",3 rec.,"3
					
						baños",505 m²
1620528327-16423,https://www.inmuebles24.com/casas-en-venta-en-jurica-pagina-6.html,"Vive Tranquilo en Esta Hermosa Casa Que Esta a La Venta, Ubicada en Jurica Qro","MN 2,990,000",3 rec.,"3
					
						baños",195 m²
1620528356-16499,https://www.inmuebles24.com/casas-en-venta-en-jurica-pagina-3.html,Residencia de 1 Piso en Venta en Jurica,"MN 11,600,000",3 rec.,"4
					
						baños",1000 m²
1620528227-16226,https://www.inmuebles24.com/casas-en-venta-en-jurica-pagina-14.html,"Casa en Venta en Jurica, D144","MN 21,250,000",4 rec.,"3
					
						baños",2133 m²
1620528314-16408,https://www.inmuebles24.com/casas-en-venta-en-jurica-pagina-7.html,Casa en Venta en Jurica,"MN 13,537,637",5 rec.,"3
					
						baños",2435 m²
1620528219-16220,https://www.inmuebles24.com/casas-en-venta-en-jurica-pagina-15.html,"Preciosa Residencia en Jurica, Alberca, Jardín, T.1000 m², 4 Habitaciones","MN 13,500,000",4 rec.,"6
					
						baños",1000 m²
1620528245-16271,https://www.inmuebles24.com/casas-en-venta-en-jurica-pagina-12.html,Casa en Venta en Jurica Aqc,"MN 6,200,000",4 rec.,"4
					
						baños",316 m²
1620528245-16282,https://www.inmuebles24.com/casas-en-venta-en-jurica-pagina-12.html,"Se Vende Residencia en Jurica con 1,000 m² de Terreno, Jardin, 6 Autos.","MN 10,500,000",3 rec.,"4
					
						baños",1000 m²
1620528356-16500,https://www.inmuebles24.com/casas-en-venta-en-jurica-pagina-3.html,Casa en Venta - Jurica - C1272,"MN 20,000,000",3 rec.,"3
					
						baños",2027 m²
1620528365-16524,https://www.inmuebles24.com/casas-en-venta-en-jurica-pagina-2.html,"Casa en Venta en Jurica, D142","MN 13,750,000",3 rec.,"3
					
						baños",1560 m²
1620528227-16236,https://www.inmuebles24.com/casas-en-venta-en-jurica-pagina-14.html,"Residencia en Jurica, Acabados Modernos, Muy Amplia","MN 15,000,000",4 rec.,"4
					
						baños",2220 m²
1620528253-16312,https://www.inmuebles24.com/casas-en-venta-en-jurica-pagina-11.html,"Divina Residencia en Jurica, Grandes Jardínes, 2,220 m² - Única en Su Tipo.","MN 18,850,000",5 rec.,"6
					
						baños",2220 m²
1620528365-16517,https://www.inmuebles24.com/casas-en-venta-en-jurica-pagina-2.html,"Jurica, Casa en Venta en La Mejor Calle","MN 9,850,000",3 rec.,"3
					
						baños",601 m²
1620528245-16292,https://www.inmuebles24.com/casas-en-venta-en-jurica-pagina-12.html,Descubre Tu Universo Amable,"MN 12,000,000",4 rec.,"4
					
						baños",2220 m²
1620528245-16276,https://www.inmuebles24.com/casas-en-venta-en-jurica-pagina-12.html,Venta Casa en Jurica,"MN 8,500,000",3 rec.,"5
					
						baños",700 m²
1620528365-16525,https://www.inmuebles24.com/casas-en-venta-en-jurica-pagina-2.html,Propiedad de Lujo con Amplio y Hermoso Jardín en Fraccionamiento Jurica,"MN 9,990,000",4 rec.,"4
					
						baños",1000 m²
1620528219-16217,https://www.inmuebles24.com/casas-en-venta-en-jurica-pagina-15.html,Casa en Jurica,"MN 9,800,000",4 rec.,"3
					
						baños",1000 m²
1620528348-16465,https://www.inmuebles24.com/casas-en-venta-en-jurica-pagina-4.html,"Casa en Venta en Jurica, D291","MN 19,500,000",4 rec.,"4
					
						baños",2100 m²
1620528348-16483,https://www.inmuebles24.com/casas-en-venta-en-jurica-pagina-4.html,Vacaciones Para Tu Familia en Tu Propia Casa,"MN 15,500,000",4 rec.,"4
					
						baños",2200 m²
1620528348-16469,https://www.inmuebles24.com/casas-en-venta-en-jurica-pagina-4.html,"Casa en Venta en Arco de Piedra, Jurica","MN 6,200,000",3 rec.,"3
					
						baños",275 m²
1620528253-16313,https://www.inmuebles24.com/casas-en-venta-en-jurica-pagina-11.html,Casa en Venta en Jurica,"MN 35,000,000",5 rec.,"6
					
						baños",1186 m²
1620528210-16198,https://www.inmuebles24.com/casas-en-venta-en-jurica-pagina-16.html,Residencial en Venta Jurica Campestre,"MN 6,900,000",4 rec.,"5
					
						baños",370 m²
1620528365-16530,https://www.inmuebles24.com/casas-en-venta-en-jurica-pagina-2.html,Casa en Venta - Jurica - Queretaro - C963,"MN 21,500,000",5 rec.,"4
					
						baños",2133 m²
1620528245-16277,https://www.inmuebles24.com/casas-en-venta-en-jurica-pagina-12.html,Casas Venta Queretaro Jurica 8,"MN 8,469,000",3 rec.,"4
					
						baños",652 m²
1620528327-16422,https://www.inmuebles24.com/casas-en-venta-en-jurica-pagina-6.html,"Jurica, Residencia en Venta en Privada con Vigilancia.","MN 13,000,000",3 rec.,"4
					
						baños",510 m²
1620528338-16439,https://www.inmuebles24.com/casas-en-venta-en-jurica-pagina-5.html,Hermosa Casa en Jurica Campestre de 5 Habitaciones.,"MN 9,700,000",5 rec.,"3
					
						baños",621 m²
1620528227-16228,https://www.inmuebles24.com/casas-en-venta-en-jurica-pagina-14.html,Casa en Venta en Jurica Desarrollo Sin Alberca 3 Recamaras con Baño,"MN 6,200,002",3 rec.,"3
					
						baños",264 m²
1620528298-16373,https://www.inmuebles24.com/casas-en-venta-en-jurica-pagina-8.html,Casa en Venta en Jurica,"MN 8,900,000",3 rec.,"5
					
						baños",1000 m²
1620528201-16165,https://www.inmuebles24.com/casas-en-venta-en-jurica-pagina-17.html,"Casa en Venta, Jurica","MN 16,000,000",4 rec.,"6
					
						baños",2220 m²
1620528314-16391,https://www.inmuebles24.com/casas-en-venta-en-jurica-pagina-7.html,Se Vende Increíble y Exclusiva Propiedad Residencial en Juri,"MN 17,750,000",4 rec.,"4
					
						baños",2202 m²
1620528338-16453,https://www.inmuebles24.com/casas-en-venta-en-jurica-pagina-5.html,Casa Recien Remodelada,"MN 10,500,000",3 rec.,"4
					
						baños",1000 m²
1620528236-16261,https://www.inmuebles24.com/casas-en-venta-en-jurica-pagina-13.html,Casa en Venta en Jurica,"MN 9,500,000",4 rec.,"6
					
						baños",1250 m²
1620528227-16245,https://www.inmuebles24.com/casas-en-venta-en-jurica-pagina-14.html,Casa en Venta en Jurica!,"MN 3,320,000",3 rec.,"2
					
						baños",210 m²
1620528236-16256,https://www.inmuebles24.com/casas-en-venta-en-jurica-pagina-13.html,"Casa con Alberca en Venta en Fraccionamiento Jurica, Querétaro","MN 12,200,000",3 rec.,"3
					
						baños",1000 m²
1620528374-16544,https://www.inmuebles24.com/casas-en-venta-en-jurica-pagina-1.html,En Venta Casa en Arcos de Piedra 3 Recamaras con Baños y Cuarto de Servicio,"MN 6,200,000",3 rec.,"3
					
						baños",316 m²
1620528210-16192,https://www.inmuebles24.com/casas-en-venta-en-jurica-pagina-16.html,Casa en Venta en Jurica,"MN 7,000,000",4 rec.,"5
					
						baños",1002 m²
1620528298-16383,https://www.inmuebles24.com/casas-en-venta-en-jurica-pagina-8.html,Casa en Venta Jurica Misiones Juriquilla Queretaro Rcv19112,"MN 14,500,000",5 rec.,"7
					
						baños",1000 m²
1620528327-16417,https://www.inmuebles24.com/casas-en-venta-en-jurica-pagina-6.html,Casa en Venta en Jurica de 3 Recamaras y 188 M²!,"MN 3,550,541",3 rec.,"2
					
						baños",147 m²
1620528289-16353,https://www.inmuebles24.com/casas-en-venta-en-jurica-pagina-9.html,"Casa en Venta en Jurica, D267","MN 13,500,000",6 rec.,"4
					
						baños",3771 m²
1620528273-16322,https://www.inmuebles24.com/casas-en-venta-en-jurica-pagina-10.html,Jurica Casa en Venta de 3 Recamaras y Zona con Mayor Plusvalía!,"MN 3,967,550",3 rec.,"3
					
						baños",140 m²
1620528273-16328,https://www.inmuebles24.com/casas-en-venta-en-jurica-pagina-10.html,"Residencia en Jurica Misiones! Sótano, Ático, 3 Recámaras, Una en Pb, 3.5 Baños","MN 3,949,000",3 rec.,"3
					
						baños",312 m²
1620528210-16177,https://www.inmuebles24.com/casas-en-venta-en-jurica-pagina-16.html,Casa en Venta en Jurica Hermosa Propiedad,"MN 5,500,000",3 rec.,"2
					
						baños",510 m²
1620528298-16378,https://www.inmuebles24.com/casas-en-venta-en-jurica-pagina-8.html,"Casa en Jurica con Espacios Funcionales, 235 m² y 3 Dorm.! Rcs","MN 3,320,000",3 rec.,"2
					
						baños",235 m²
1620529843-20240,https://www.inmuebles24.com/casas-en-venta-en-juriquilla-pagina-22.html,Casa en Venta en Jurica Residencia Hermosa de Una Sola Planta,"MN 5,700,000",3 rec.,"4
					
						baños",750 m²
1620528356-16506,https://www.inmuebles24.com/casas-en-venta-en-jurica-pagina-3.html,Casa en Venta Jurica Querétaro.,"MN 14,000,000",2 rec.,"2
					
						baños",1000 m²
1620528219-16222,https://www.inmuebles24.com/casas-en-venta-en-jurica-pagina-15.html,Casa en Venta en Jurica,"MN 12,990,000",4 rec.,"8
					
						baños",2269 m²
1620528327-16431,https://www.inmuebles24.com/casas-en-venta-en-jurica-pagina-6.html,"Hermosa Residencia en Jurica! Terreno de 1,100 m², de Lujo, Gran Jardín, Premium!","MN 9,400,000",3 rec.,"5
					
						baños",1100 m²
1620528245-16281,https://www.inmuebles24.com/casas-en-venta-en-jurica-pagina-12.html,"Casa en Venta en Jurica, B992","MN 13,500,000",4 rec.,"5
					
						baños",1000 m²
1620528348-16474,https://www.inmuebles24.com/casas-en-venta-en-jurica-pagina-4.html,Casa en Venta en Jurica de un Nivel y Seis Habitaciones,"MN 10,000,000",6 rec.,"4
					
						baños",2216 m²
1620528314-16409,https://www.inmuebles24.com/casas-en-venta-en-jurica-pagina-7.html,Casa Moderna en Venta Jurica,"MN 7,400,000",3 rec.,"3
					
						baños",510 m²
1620528253-16314,https://www.inmuebles24.com/casas-en-venta-en-jurica-pagina-11.html,Casa Estilo Mexicano Contemporáneo en Una de Las Zonas Más Tradicionales y Exclusivas de Querétaro!,"MN 10,990,000",4 rec.,"4
					
						baños",1000 m²
1620528227-16224,https://www.inmuebles24.com/casas-en-venta-en-jurica-pagina-14.html,Casa en Venta en un Exclusivo Condominio con Excelente Ubicación,"MN 2,674,558",3 rec.,"2
					
						baños",137 m²
1620528348-16478,https://www.inmuebles24.com/casas-en-venta-en-jurica-pagina-4.html,Casa en Venta en Jurica con Habitación en Planta Baja y Cuarto de Servicio,"MN 5,300,000",4 rec.,"4
					
						baños",510 m²
1620528219-16210,https://www.inmuebles24.com/casas-en-venta-en-jurica-pagina-15.html,"¡Oportunidad! Jurica, Casa con Recámara en Pb y Jardín Grand","MN 5,500,000",3 rec.,"2
					
						baños",510 m²
1620528210-16189,https://www.inmuebles24.com/casas-en-venta-en-jurica-pagina-16.html,Casa en Preventa Jurica Queretaro,"MN 12,900,000",4 rec.,"4
					
						baños",400 m²
1620528273-16335,https://www.inmuebles24.com/casas-en-venta-en-jurica-pagina-10.html,Casa en Venta Jurica 5 Habitaciones,"MN 11,350,081",5 rec.,"5
					
						baños",920 m²
1620528201-16171,https://www.inmuebles24.com/casas-en-venta-en-jurica-pagina-17.html,Casa en Venta en Jurica,"MN 6,738,000",2 rec.,"2
					
						baños",600 m²
1620528245-16286,https://www.inmuebles24.com/casas-en-venta-en-jurica-pagina-12.html,"Jurica, Conjunto de Casas Duplex en Venta","MN 6,490,000",6 rec.,"4
					
						baños",470 m²
1620528219-16206,https://www.inmuebles24.com/casas-en-venta-en-jurica-pagina-15.html,Casa Venta Jurica,"MN 13,500,000",3 rec.,"6
					
						baños",2240 m²
1620528245-16283,https://www.inmuebles24.com/casas-en-venta-en-jurica-pagina-12.html,Casa en Venta Jurica 3 Habitaciones,"MN 6,200,081",3 rec.,"3
					
						baños",316 m²
1620528227-16234,https://www.inmuebles24.com/casas-en-venta-en-jurica-pagina-14.html,"Casa en Venta en Jurica, B439","MN 15,000,000",4 rec.,"4
					
						baños",2220 m²
1620528314-16394,https://www.inmuebles24.com/casas-en-venta-en-jurica-pagina-7.html,"Residencia Premium en Jurica, T.525 m² - C.450 m² - 3 Recámaras, 4 Baños, Jardín","MN 7,990,000",3 rec.,"4
					
						baños",525 m²
1620528210-16183,https://www.inmuebles24.com/casas-en-venta-en-jurica-pagina-16.html,Preciosa Residencia en Jurica con Bungalow Independiente T.1,"MN 14,500,000",5 rec.,"5
					
						baños",1050 m²
1620528365-16528,https://www.inmuebles24.com/casas-en-venta-en-jurica-pagina-2.html,Casa en Venta - Jurica - C1360,"MN 14,500,000",6 rec.,"7
					
						baños",2220 m²
1620528365-16529,https://www.inmuebles24.com/casas-en-venta-en-jurica-pagina-2.html,"Casa en Venta en Fraccionamiento Jurica Campestre, Querétaro","MN 9,500,000",4 rec.,"4
					
						baños",2220 m²
1620528338-16460,https://www.inmuebles24.com/casas-en-venta-en-jurica-pagina-5.html,Casa en Venta en Jurica,"MN 5,300,000",4 rec.,"3
					
						baños",601 m²
1620528210-16187,https://www.inmuebles24.com/casas-en-venta-en-jurica-pagina-16.html,Venta Casa en Arco de Piedra Jurica,"MN 6,200,000",3 rec.,"4
					
						baños",275 m²
1620528298-16382,https://www.inmuebles24.com/casas-en-venta-en-jurica-pagina-8.html,Casa en Venta en Privada en Jurica Campestre Queretaro,"MN 16,500,000",5 rec.,"4
					
						baños",780 m²
1620528219-16200,https://www.inmuebles24.com/casas-en-venta-en-jurica-pagina-15.html,Casa en Venta en Jurica,"MN 7,900,000",3 rec.,"4
					
						baños",1000 m²
1620528253-16306,https://www.inmuebles24.com/casas-en-venta-en-jurica-pagina-11.html,"Hermosa Residencia en Jurica! Terreno de 1,100 m², de Lujo, Gran Jardín, Premium!","MN 9,400,000",3 rec.,"5
					
						baños",1100 m²
1620528314-16402,https://www.inmuebles24.com/casas-en-venta-en-jurica-pagina-7.html,"Residencia en Jurica Doble Altura 3 Recámaras, Estudio, Jardín, de Autor, Ganela","MN 6,950,000",3 rec.,"4
					
						baños",640 m²
1620528210-16196,https://www.inmuebles24.com/casas-en-venta-en-jurica-pagina-16.html,"Hermosa Residencia en Jurica en Privada con Grandes Jardines, 3 Recámaras, Lujo","MN 4,600,000",3 rec.,"4
					
						baños",260 m²
1620528289-16348,https://www.inmuebles24.com/casas-en-venta-en-jurica-pagina-9.html,"Preciosa Residencia de Autor en Jurica, Nueva, Alberca, 4 Recámaras, Premium!","MN 10,500,000",4 rec.,"4
					
						baños",555 m²
1620528219-16203,https://www.inmuebles24.com/casas-en-venta-en-jurica-pagina-15.html,Casa en Venta en Jurica,"MN 6,800,000",4 rec.,"5
					
						baños",840 m²
1620528365-16522,https://www.inmuebles24.com/casas-en-venta-en-jurica-pagina-2.html,"Casa con Alberca en Venta en Fraccionamiento Jurica, Querétaro","MN 12,200,000",3 rec.,"3
					
						baños",1000 m²
1620528338-16454,https://www.inmuebles24.com/casas-en-venta-en-jurica-pagina-5.html,Casa en Venta Jurica Misiones Juriquilla Queretaro Rcv19112,"MN 14,500,000",5 rec.,"7
					
						baños",1000 m²
1620528314-16397,https://www.inmuebles24.com/casas-en-venta-en-jurica-pagina-7.html,Casa en Venta en Jurica!,"MN 3,320,000",3 rec.,"2
					
						baños",210 m²
1620528314-16413,https://www.inmuebles24.com/casas-en-venta-en-jurica-pagina-7.html,Venta Casa Jurica,"MN 8,500,000",3 rec.,"4
					
						baños",510 m²
1620528365-16523,https://www.inmuebles24.com/casas-en-venta-en-jurica-pagina-2.html,"Jurica, Casa en Venta con Terraza y Amplio Jardín","MN 13,000,000",4 rec.,"4
					
						baños",652 m²
1620528236-16253,https://www.inmuebles24.com/casas-en-venta-en-jurica-pagina-13.html,Casa en Venta Estilo Mexicano con Recamara en Planta Baja E,"MN 8,900,000",3 rec.,"2
					
						baños",1050 m²
1620528273-16326,https://www.inmuebles24.com/casas-en-venta-en-jurica-pagina-10.html,"Casa en Venta en Jurica, D145","MN 7,130,000",4 rec.,"4
					
						baños",525 m²
1620528298-16386,https://www.inmuebles24.com/casas-en-venta-en-jurica-pagina-8.html,"Casa en Jurica de Una Planta con 400 m², Jardines, 3 Recámaras, 4 Baños, Ganela","MN 3,750,000",3 rec.,"3
					
						baños",400 m²
1620503789-8892,https://www.lamudi.com.mx/queretaro-arteaga/queretaro/jurica-1/casa/for-sale/?page=13,Venta de Casa en arcos de piedra Jurica 3 recamaras cuarto de servicio,"$6,200,000",3,4,264
1620507293-11769,https://www.lamudi.com.mx/queretaro-arteaga/queretaro/jurica-1/casa/for-sale/?page=5,Casa en venta Jurica 3 habitaciones YCC,"$3,320,000",3,2.5,210
1620507858-11829,https://www.lamudi.com.mx/queretaro-arteaga/queretaro/jurica-1/casa/for-sale/?page=3,Hermosa casa residencial con alberca en Fraccionamiento Jurica,"$8,500,000",4,3,596
1620505392-10513,https://www.lamudi.com.mx/queretaro-arteaga/queretaro/jurica-1/casa/for-sale/?page=10,Jurica casa de 5 recamaras cada una con su baño!,"$11,350,000",4,5,610
1620508314-11889,https://www.lamudi.com.mx/queretaro-arteaga/queretaro/jurica-1/casa/for-sale/?page=1,Residencia en Venta en Jurica Queretaro de estilo colonial mexicano y alberca,"$35,000,000",4,5,2470
1620507658-11811,https://www.lamudi.com.mx/queretaro-arteaga/queretaro/jurica-1/casa/for-sale/?page=3,"Casa de un Piso, con amplio jardín, en Jurica, Queretaro.","$7,300,000",5,4,300
1620507966-11841,https://www.lamudi.com.mx/queretaro-arteaga/queretaro/jurica-1/casa/for-sale/?page=2,¡¡ HERMOSA CASA AMUEBLADA EN VENTA UBICADA EN JURICA !!,"$6,500,000",5,4,450
1620507819-11826,https://www.lamudi.com.mx/queretaro-arteaga/queretaro/jurica-1/casa/for-sale/?page=3,"Casa en venta en Regency, Jurica, Querétaro. En privada con acceso a Club Deportivo.","$11,990,000",3,3,400
1620506987-11741,https://www.lamudi.com.mx/queretaro-arteaga/queretaro/jurica-1/casa/for-sale/?page=6,"Casa en venta de una planta en El Fracc Jurica, Qro. Oportunidad","$8,500,000",3,6.5,2200
1620503841-8897,https://www.lamudi.com.mx/queretaro-arteaga/queretaro/jurica-1/casa/for-sale/?page=13,"Casa de 505 Mts2 en Jurica Lujosa, 5 Dormitorios y Alberca! Rahqro","$16,500,000",5,4,780
1620508008-11846,https://www.lamudi.com.mx/queretaro-arteaga/queretaro/jurica-1/casa/for-sale/?page=2,Casa en venta en Jurica Campestre Queretaro con bungalow independiente,"$4,750,000",4,4,666
1620505956-11377,https://www.lamudi.com.mx/queretaro-arteaga/queretaro/jurica-1/casa/for-sale/?page=9,Casa en Jurica de 3 dormitorios y 235 mts2! RCS 20-989,"$3,320,000",2,3,235
1620506866-11727,https://www.lamudi.com.mx/queretaro-arteaga/queretaro/jurica-1/casa/for-sale/?page=6,"VIVE TRANQUILO EN ESTA HERMOSA CASA QUE ESTA A LA VENTA, UBICADA EN JURICA QRO","$2,990,000",2,3,185
1620504886-10108,https://www.lamudi.com.mx/queretaro-arteaga/queretaro/jurica-1/casa/for-sale/?page=10,Casa en venta Jurica 1 planta Remodelada Preciosa,"$13,000,000",3,6,1000
1620504623-9678,https://www.lamudi.com.mx/queretaro-arteaga/queretaro/jurica-1/casa/for-sale/?page=11,CASA EN VENTA EN JURICA,"$12,000,000",4,5,2220
1620504244-9179,https://www.lamudi.com.mx/queretaro-arteaga/queretaro/jurica-1/casa/for-sale/?page=12,"CASA EN VENTA EN ARCO DE PIEDRA, JURICA","$6,200,000",3,3,316
1620506745-11714,https://www.lamudi.com.mx/queretaro-arteaga/queretaro/jurica-1/casa/for-sale/?page=7,RESIDENCIA UN NIVEL ZONA ARBOLADA,"$7,300,000",2,4,300
1620506995-11742,https://www.lamudi.com.mx/queretaro-arteaga/queretaro/jurica-1/casa/for-sale/?page=6,Jurica casa con recamara en pb acabados de lujo RAHH 213072,"$13,500,000",4,3,445
1620504201-9128,https://www.lamudi.com.mx/queretaro-arteaga/queretaro/jurica-1/casa/for-sale/?page=12,CASA EN VENTA EN ARCO DE PIEDRA JURICA  QUERÉTARO EN FRACC. PRIVADO,"$8,000,000",3,3,320
1620505699-10734,https://www.lamudi.com.mx/queretaro-arteaga/queretaro/jurica-1/casa/for-sale/?page=10,Casa en venta en Jurica con habitación en planta baja y cto de servicio en Qro,"$5,300,000",4,4,520
1620505079-10336,https://www.lamudi.com.mx/queretaro-arteaga/queretaro/jurica-1/casa/for-sale/?page=10,Casa en Jurica de 3 recamaras con closet! RAHQRO 20-3386,"$6,200,000",2,3,264
1620506505-11690,https://www.lamudi.com.mx/queretaro-arteaga/queretaro/jurica-1/casa/for-sale/?page=7,Casa en venta Jurica 5 habitaciones JGCC,"$16,500,000",5,4,780
1620506707-11710,https://www.lamudi.com.mx/queretaro-arteaga/queretaro/jurica-1/casa/for-sale/?page=7,SO HERMOSA CASA EN VENTA EN JURICA,"$11,400,000",5,3,2021
1620503719-8885,https://www.lamudi.com.mx/queretaro-arteaga/queretaro/jurica-1/casa/for-sale/?page=13,RESIDENCIA EN VENTA EN EL CLUB REGENCY JURICA CON AMPLIOS ESPACIOS DISEÑO UNICO,"$21,500,000",3,4,850
1620505670-10679,https://www.lamudi.com.mx/queretaro-arteaga/queretaro/jurica-1/casa/for-sale/?page=10,Casa en Jurica de 4 dormitorios más estudio! ATC 20-805,"$16,500,000",6,5,780
1620508279-11884,https://www.lamudi.com.mx/queretaro-arteaga/queretaro/jurica-1/casa/for-sale/?page=1,EXCELENTE CASA HABITACIONAL JURICA QUERETARO,"$6,738,000",4,4.5,600
1620506923-11733,https://www.lamudi.com.mx/queretaro-arteaga/queretaro/jurica-1/casa/for-sale/?page=6,Casa en Jurica en cerrada con vigilancia y 610 mts2! RAHQRO,"$11,350,000",4,5,610
1620506537-11693,https://www.lamudi.com.mx/queretaro-arteaga/queretaro/jurica-1/casa/for-sale/?page=7,Casa en venta Jurica 3 habitaciones JGCC,"$6,200,000",3,3.5,316
1620505647-10624,https://www.lamudi.com.mx/queretaro-arteaga/queretaro/jurica-1/casa/for-sale/?page=10,Casa en venta Jurica 5 habitaciones JGCC,"$16,500,000",5,4,780
1620506678-11707,https://www.lamudi.com.mx/queretaro-arteaga/queretaro/jurica-1/casa/for-sale/?page=7,Casas en Jurica en Venta,"$12,000,000",5,9,712
1620507762-11822,https://www.lamudi.com.mx/queretaro-arteaga/queretaro/jurica-1/casa/for-sale/?page=3,"Preciosa Residencia en Jurica con Bungalow Independiente T.1,050 m2, C.890 m2,..","$14,500,000",4,5,890
1620508319-11890,https://www.lamudi.com.mx/queretaro-arteaga/queretaro/jurica-1/casa/for-sale/?page=1,VENTA CASA EN ARCO DE PIEDRA JURICA,"$6,200,000",3,3,275
1620504662-9751,https://www.lamudi.com.mx/queretaro-arteaga/queretaro/jurica-1/casa/for-sale/?page=11,"Casa en Venta, una planta en Jurica, Qro. con Alberca, terraza y paneles solares","$19,980,000",4,7,1772
1620506418-11681,https://www.lamudi.com.mx/queretaro-arteaga/queretaro/jurica-1/casa/for-sale/?page=8,Casa en venta Jurica 3 habitaciones JGCC,"$6,200,000",3,3.5,316
1620508176-11866,https://www.lamudi.com.mx/queretaro-arteaga/queretaro/jurica-1/casa/for-sale/?page=2,Casa en residencial con vigilancia 24/7 de 750 mts2 en Jurica! JGJ,"$11,350,000",5,5,750
1620507040-11746,https://www.lamudi.com.mx/queretaro-arteaga/queretaro/jurica-1/casa/for-sale/?page=6,Venta de Exclusiva Casa  de 3 recámaras en Fraccionamiento Jurica,"$13,500,000",4,4,520
1620503756-8889,https://www.lamudi.com.mx/queretaro-arteaga/queretaro/jurica-1/casa/for-sale/?page=13,Casa en venta Jurica 5 habitaciones JGCC,"$16,500,000",5,4,780
1620508159-11863,https://www.lamudi.com.mx/queretaro-arteaga/queretaro/jurica-1/casa/for-sale/?page=2,Venta de Hermosa Casa de Una Planta en Fraccionamiento Jurica,"$7,300,000",3,5,300
1620507099-11751,https://www.lamudi.com.mx/queretaro-arteaga/queretaro/jurica-1/casa/for-sale/?page=5,"Casa en Venta en Jurica, Queretaro","$10,700,000",3,3.5,680
1620507524-11795,https://www.lamudi.com.mx/queretaro-arteaga/queretaro/jurica-1/casa/for-sale/?page=4,"CASA EN VENTA EN JURICA, QUERETARO.","$12,000,000",8,3,398
1620507930-11836,https://www.lamudi.com.mx/queretaro-arteaga/queretaro/jurica-1/casa/for-sale/?page=3,Jurica - Estrena casa. Residencial con amenidades...,"$2,877,133",3,3,140
1620503978-8911,https://www.lamudi.com.mx/queretaro-arteaga/queretaro/jurica-1/casa/for-sale/?page=12,"ARCO DE PIEDRA. Hermosa, T. 279m2, C. 324m2. 4 rec, 4 baños. Vig, 24 hrs","$7,300,000",4,4,279
1620504048-8917,https://www.lamudi.com.mx/queretaro-arteaga/queretaro/jurica-1/casa/for-sale/?page=12,"Casa HERMOSA remodelada en Venta en esquina dentro de Privada, Jurica Queretaro","$9,000,000",3,3,546
1620504038-8916,https://www.lamudi.com.mx/queretaro-arteaga/queretaro/jurica-1/casa/for-sale/?page=12,Casa en venta Jurica 5 habitaciones JGCC,"$16,500,000",5,4,780
1620508234-11875,https://www.lamudi.com.mx/queretaro-arteaga/queretaro/jurica-1/casa/for-sale/?page=1,HERMOSA CASA DE DOS NIVELES EN VENTA UBICADA EN JURICA !!,"$4,200,000",2,3,269
1620506846-11724,https://www.lamudi.com.mx/queretaro-arteaga/queretaro/jurica-1/casa/for-sale/?page=6,Hermosa residencia en venta en Jurica,"$35,000,000",4,5,2470
1620506132-11660,https://www.lamudi.com.mx/queretaro-arteaga/queretaro/jurica-1/casa/for-sale/?page=9,Casa en venta Jurica 5 habitaciones JGCC,"$11,350,000",5,5.5,920
1620503941-8907,https://www.lamudi.com.mx/queretaro-arteaga/queretaro/jurica-1/casa/for-sale/?page=12,Venta de casa en jurica,"$10,500,000",4,3,1000
1620504002-8913,https://www.lamudi.com.mx/queretaro-arteaga/queretaro/jurica-1/casa/for-sale/?page=12,"ARCO DE PIEDRA HERMOSA T. 176m2, C 220m2. 3 rec, 3.5 baños, cto Tv, Vig, 24 hrs.","$6,200,000",3,3.5,176
1620504695-9819,https://www.lamudi.com.mx/queretaro-arteaga/queretaro/jurica-1/casa/for-sale/?page=11,Casa en jurica 3 recamaras cuarto de servicio excelente jardin,"$6,199,000",4,4,264
1620506804-11719,https://www.lamudi.com.mx/queretaro-arteaga/queretaro/jurica-1/casa/for-sale/?page=6,Casa en venta en Jurica 3 recamaras con cuarto de servicio jardin amplio  YCC,"$6,200,000",3,3.5,264
1620504852-10057,https://www.lamudi.com.mx/queretaro-arteaga/queretaro/jurica-1/casa/for-sale/?page=10,Se Vende Casa de 400 Mts2 Con 4 Recamaras y 3 Baños Con Bello Jardin. Jpc,"$7,900,000",4,3,532
1620508113-11859,https://www.lamudi.com.mx/queretaro-arteaga/queretaro/jurica-1/casa/for-sale/?page=2,CASA EN VENTA JURICA,"$6,900,000",6,4,320
1620507726-11818,https://www.lamudi.com.mx/queretaro-arteaga/queretaro/jurica-1/casa/for-sale/?page=3,Casa en venta de una planta en Jurica Campestre,"$7,800,000",4,4,1000
1620508294-11887,https://www.lamudi.com.mx/queretaro-arteaga/queretaro/jurica-1/casa/for-sale/?page=1,"VENTA CASA en JURICA QUERETARO con Gran Jardin, 4 Recamaras.","$7,130,000",4,4,525
1620507245-11765,https://www.lamudi.com.mx/queretaro-arteaga/queretaro/jurica-1/casa/for-sale/?page=5,CASA EN VENTA EN JURICA DE UN NIVEL,"$7,500,000",3,2,312
1620506735-11713,https://www.lamudi.com.mx/queretaro-arteaga/queretaro/jurica-1/casa/for-sale/?page=7,Fraccionamiento Jurica Casa en Venta,"$9,100,000",4.5,8.5,1000
1620506427-11682,https://www.lamudi.com.mx/queretaro-arteaga/queretaro/jurica-1/casa/for-sale/?page=8,Casa en venta Jurica 3 habitaciones JGCC,"$3,320,000",3,2.5,210
1620504837-10047,https://www.lamudi.com.mx/queretaro-arteaga/queretaro/jurica-1/casa/for-sale/?page=10,"Casa Nueva en Arco de Piedra, Exclusiva Privada por Antea, terreno 280m","$7,300,000",3,5,280
1620507842-11828,https://www.lamudi.com.mx/queretaro-arteaga/queretaro/jurica-1/casa/for-sale/?page=3,VENTA DE HERMOSA CASA ESTILO MEXICANO EN JURICA QUERETARO,"$6,800,000",6,3,217
1620506578-11697,https://www.lamudi.com.mx/queretaro-arteaga/queretaro/jurica-1/casa/for-sale/?page=7,Casa en Jurica de 3 dormitorios y 235 mts2! RAHQRO 20-989,"$3,320,000",2,3,235
1620507137-11756,https://www.lamudi.com.mx/queretaro-arteaga/queretaro/jurica-1/casa/for-sale/?page=5,Casa - Fraccionamiento Jurica,"$15,000,000",5,4,2220
1620507001-11743,https://www.lamudi.com.mx/queretaro-arteaga/queretaro/jurica-1/casa/for-sale/?page=6,Casa en venta en Jurica,"$12,500,000",3,3,350
1620506034-11652,https://www.lamudi.com.mx/queretaro-arteaga/queretaro/jurica-1/casa/for-sale/?page=9,Casa en venta Jurica 5 habitaciones JGCC,"$16,500,000",5,6,780
1620504477-9432,https://www.lamudi.com.mx/queretaro-arteaga/queretaro/jurica-1/casa/for-sale/?page=11,En venta hermosa casa de 4 recamaras y 5 baños en jurica de 315 mts2  jpc,"$6,700,000",4,5,266
1620506713-11711,https://www.lamudi.com.mx/queretaro-arteaga/queretaro/jurica-1/casa/for-sale/?page=7,Casa de oportunidad en Jurica.,"$7,094,000",2,4,372
1620507335-11774,https://www.lamudi.com.mx/queretaro-arteaga/queretaro/jurica-1/casa/for-sale/?page=5,Jurica casa con excelente estado de conservación y 235 mts2! RCS,"$3,320,000",2,3,235
1620503643-8878,https://www.lamudi.com.mx/queretaro-arteaga/queretaro/jurica-1/casa/for-sale/?page=13,Casa remodelada en Jurica de 3 dormitorios y 445 mts2! RAHH,"$13,500,000",4,3,445
1620508015-11847,https://www.lamudi.com.mx/queretaro-arteaga/queretaro/jurica-1/casa/for-sale/?page=2,Casa en Jurica con espacios muy funcionales y buen estado de conservación! JGJ,"$3,320,000",2,3,235
1620507238-11764,https://www.lamudi.com.mx/queretaro-arteaga/queretaro/jurica-1/casa/for-sale/?page=5,Jurica Residencia con 5 recamaras todas con baño independiente y alberca 212136,"$11,350,000",5,6,920
